"CO001","CO002","CO003","CO004","CO005","CO006","CO007","CO008","CO009","CO010","CO011","CO012","CO013","CO014","CO015","CO016","CO017","CO018","CO019","CO020","CO021","CO022","CO023","CO024","CO025","CO026","CO027","CO028","CO029","CO030","CO031","CO032","CO033","CO034","CO035","CO036","CO037","CO038","CO039","CO040","CO041","CO042","CO043","CO044","CO045","CO046","CO047","CO048","CO049","CO050","CO051","CO052","CO053","ENTHA","TEMPE","Points:0","Points:1","Points:2"
6.5788e-69,5.2102e-67,1.7024e-53,1.1650e-01,1.1114e-49,3.9329e-47,2.4874e-36,8.5970e-49,-4.0085e-70,-3.7652e-96,1.0738e-68,5.9341e-70,1.1331e-36,5.0000e-01,4.9077e-64,1.7489e-64,6.7036e-75,6.5747e-47,3.2187e-87,3.9534e-54,1.6308e-57,1.2004e-135,-1.8984e-97,9.9053e-119,2.6740e-73,2.1345e-74,3.5886e-65,1.5157e-136,-1.1141e-121,1.3924e-129,-1.4303e-97,5.8954e-115,3.5256e-132,7.9942e-129,7.1753e-76,-1.5195e-97,-8.3077e-127,1.5020e-63,7.7354e-117,-1.1186e-101,-1.1604e-106,8.8756e-120,-4.9787e-96,5.9866e-129,2.5678e-131,1.7277e-128,-1.3050e-96,3.8350e-01,1.6617e-155,2.9940e-111,1.3574e-104,5.8796e-117,1.0000e+00,-2.322e+06,300,0.001204,0.00053691,0
6.5788e-69,5.2102e-67,1.7024e-53,1.1650e-01,1.1114e-49,3.9329e-47,2.4874e-36,8.5970e-49,-4.0085e-70,-3.7652e-96,1.0738e-68,5.9341e-70,1.1331e-36,5.0000e-01,4.9077e-64,1.7489e-64,6.7036e-75,6.5747e-47,3.2187e-87,3.9534e-54,1.6308e-57,1.2004e-135,-1.8984e-97,9.9053e-119,2.6740e-73,2.1345e-74,3.5886e-65,1.5485e-136,-1.1141e-121,1.4232e-129,-1.4303e-97,5.8954e-115,3.6006e-132,8.1722e-129,7.1753e-76,-1.5195e-97,-8.2973e-127,1.5020e-63,7.7354e-117,-1.1186e-101,-1.1604e-106,8.8756e-120,-4.9787e-96,6.1187e-129,2.6242e-131,1.7658e-128,-1.3050e-96,3.8350e-01,1.7007e-155,2.9940e-111,1.3574e-104,5.8796e-117,1.0000e+00,-2.322e+06,300,0.001204,0,0
6.5788e-69,5.2102e-67,1.7024e-53,1.1650e-01,1.1114e-49,3.9329e-47,2.4874e-36,8.5970e-49,-4.0085e-70,-3.7652e-96,1.0738e-68,5.9341e-70,1.1331e-36,5.0000e-01,4.9077e-64,1.7489e-64,6.7036e-75,6.5747e-47,3.2187e-87,3.9534e-54,1.6308e-57,1.2004e-135,-1.8984e-97,9.9053e-119,2.6740e-73,2.1345e-74,3.5886e-65,1.6105e-141,-1.1141e-121,1.4656e-134,-1.4303e-97,5.8954e-115,3.7881e-137,8.3758e-134,7.1753e-76,-1.5195e-97,-8.7935e-127,1.5020e-63,7.7354e-117,-1.1186e-101,-1.1604e-106,8.8756e-120,-4.9787e-96,6.3035e-134,2.7103e-136,1.8202e-133,-1.3050e-96,3.8350e-01,1.6887e-160,2.9940e-111,1.3574e-104,5.8796e-117,1.0000e+00,-2.322e+06,300,0.00053512,0.0012081,0
6.5788e-69,5.2102e-67,1.7024e-53,1.1650e-01,1.1114e-49,3.9329e-47,2.4874e-36,8.5970e-49,-4.0085e-70,-3.7652e-96,1.0738e-68,5.9341e-70,1.1331e-36,5.0000e-01,4.9077e-64,1.7489e-64,6.7036e-75,6.5747e-47,3.2187e-87,3.9534e-54,1.6308e-57,1.2004e-135,-1.8984e-97,9.9053e-119,2.6740e-73,2.1345e-74,3.5886e-65,-1.2642e-144,-1.1141e-121,5.0692e-138,-1.4303e-97,5.8954e-115,1.3310e-140,2.8873e-137,7.1753e-76,-1.5195e-97,-8.7935e-127,1.5020e-63,7.7354e-117,-1.1186e-101,-1.1604e-106,8.8756e-120,-4.9787e-96,2.1808e-137,9.3933e-140,6.3001e-137,-1.3050e-96,3.8350e-01,5.6919e-164,2.9940e-111,1.3574e-104,5.8796e-117,1.0000e+00,-2.322e+06,300,0,0.0012081,0
6.5788e-69,5.2102e-67,1.7024e-53,1.1650e-01,1.1114e-49,3.9329e-47,2.4874e-36,8.5970e-49,-4.0085e-70,-3.7652e-96,1.0738e-68,5.9341e-70,1.1331e-36,5.0000e-01,4.9077e-64,1.7489e-64,6.7036e-75,6.5747e-47,3.2187e-87,3.9534e-54,1.6308e-57,1.2004e-135,-1.8984e-97,9.9053e-119,2.6740e-73,2.1345e-74,3.5886e-65,-1.1489e-144,-1.1141e-121,6.1241e-138,-1.4303e-97,5.8954e-115,1.6011e-140,3.4917e-137,7.1753e-76,-1.5195e-97,-8.7935e-127,1.5020e-63,7.7354e-117,-1.1186e-101,-1.1604e-106,8.8756e-120,-4.9787e-96,2.6345e-137,1.1341e-139,7.6095e-137,-1.3050e-96,3.8350e-01,6.9299e-164,2.9940e-111,1.3574e-104,5.8796e-117,1.0000e+00,-2.322e+06,300,0,0,0
6.5788e-69,5.2102e-67,1.7024e-53,1.1650e-01,1.1114e-49,3.9329e-47,2.4874e-36,8.5970e-49,-4.0085e-70,-3.7652e-96,1.0738e-68,5.9341e-70,1.1331e-36,5.0000e-01,4.9077e-64,1.7489e-64,6.7036e-75,6.5747e-47,3.2187e-87,3.9534e-54,1.6308e-57,1.2004e-135,-1.8984e-97,9.9053e-119,2.6740e-73,2.1345e-74,3.5886e-65,1.5939e-137,-1.1141e-121,1.4618e-130,-1.4303e-97,5.8954e-115,3.7136e-133,8.3860e-130,7.1753e-76,-1.5195e-97,-8.7424e-127,1.5020e-63,7.7354e-117,-1.1186e-101,-1.1604e-106,8.8756e-120,-4.9787e-96,6.2851e-130,2.6969e-132,1.8140e-129,-1.3050e-96,3.8350e-01,1.7345e-156,2.9940e-111,1.3574e-104,5.8796e-117,1.0000e+00,-2.322e+06,300,0.0010702,0.00053691,0
6.5788e-69,5.2102e-67,1.7024e-53,1.1650e-01,1.1114e-49,3.9329e-47,2.4874e-36,8.5970e-49,-4.0085e-70,-3.7652e-96,1.0738e-68,5.9341e-70,1.1331e-36,5.0000e-01,4.9077e-64,1.7489e-64,6.7036e-75,6.5747e-47,3.2187e-87,3.9534e-54,1.6308e-57,1.2004e-135,-1.8984e-97,9.9053e-119,2.6740e-73,2.1345e-74,3.5886e-65,1.6350e-137,-1.1141e-121,1.5000e-130,-1.4303e-97,5.8954e-115,3.8078e-133,8.6072e-130,7.1753e-76,-1.5195e-97,-8.7411e-127,1.5020e-63,7.7354e-117,-1.1186e-101,-1.1604e-106,8.8756e-120,-4.9787e-96,6.4496e-130,2.7672e-132,1.8614e-129,-1.3050e-96,3.8350e-01,1.7823e-156,2.9940e-111,1.3574e-104,5.8796e-117,1.0000e+00,-2.322e+06,300,0.0010702,0,0
6.5788e-69,5.2102e-67,1.7024e-53,1.1650e-01,1.1114e-49,3.9329e-47,2.4874e-36,8.5970e-49,-4.0085e-70,-3.7652e-96,1.0738e-68,5.9341e-70,1.1331e-36,5.0000e-01,4.9077e-64,1.7489e-64,6.7036e-75,6.5747e-47,3.2187e-87,3.9534e-54,1.6308e-57,1.2004e-135,-1.8984e-97,9.9053e-119,2.6740e-73,2.1345e-74,3.5886e-65,1.6459e-142,-1.1141e-121,1.5102e-135,-1.4303e-97,5.8954e-115,3.9166e-138,8.6244e-135,7.1753e-76,-1.5195e-97,-8.7935e-127,1.5020e-63,7.7354e-117,-1.1186e-101,-1.1604e-106,8.8756e-120,-4.9787e-96,6.4957e-135,2.7940e-137,1.8759e-134,-1.3050e-96,3.8350e-01,1.7303e-161,2.9940e-111,1.3574e-104,5.8796e-117,1.0000e+00,-2.322e+06,300,0.00040134,0.0012081,0
6.5788e-69,5.2102e-67,1.7024e-53,1.1650e-01,1.1114e-49,3.9329e-47,2.4874e-36,8.5970e-49,-4.0085e-70,-3.7652e-96,1.0738e-68,5.9341e-70,1.1331e-36,5.0000e-01,4.9077e-64,1.7489e-64,6.7036e-75,6.5747e-47,3.2187e-87,3.9534e-54,1.6308e-57,1.2004e-135,-1.8984e-97,9.9053e-119,2.6740e-73,2.1345e-74,3.5886e-65,-1.2443e-144,-1.1141e-121,5.2517e-138,-1.4303e-97,5.8954e-115,1.3776e-140,2.9919e-137,7.1753e-76,-1.5195e-97,-8.7935e-127,1.5020e-63,7.7354e-117,-1.1186e-101,-1.1604e-106,8.8756e-120,-4.9787e-96,2.2593e-137,9.7301e-140,6.5266e-137,-1.3050e-96,3.8350e-01,5.9070e-164,2.9940e-111,1.3574e-104,5.8796e-117,1.0000e+00,-2.322e+06,300,0,0.0010738,0
6.5788e-69,5.2102e-67,1.7024e-53,1.1650e-01,1.1114e-49,3.9329e-47,2.4874e-36,8.5970e-49,-4.0085e-70,-3.7652e-96,1.0738e-68,5.9341e-70,1.1331e-36,5.0000e-01,4.9077e-64,1.7489e-64,6.7036e-75,6.5747e-47,3.2187e-87,3.9534e-54,1.6308e-57,1.2004e-135,-1.8984e-97,9.9053e-119,2.6740e-73,2.1345e-74,3.5886e-65,4.9102e-145,-1.1141e-121,2.1000e-137,-1.4303e-97,5.8954e-115,5.4641e-140,1.1985e-136,7.1753e-76,-1.5195e-97,-8.7935e-127,1.5020e-63,7.7354e-117,-1.1186e-101,-1.1604e-106,8.8756e-120,-4.9787e-96,9.0328e-137,3.8864e-139,2.6087e-136,-1.3050e-96,3.8350e-01,2.3945e-163,2.9940e-111,1.3574e-104,5.8796e-117,1.0000e+00,-2.322e+06,300,0.00013378,0,0
6.5788e-69,5.2102e-67,1.7024e-53,1.1650e-01,1.1114e-49,3.9329e-47,2.4874e-36,8.5970e-49,-4.0085e-70,-3.7652e-96,1.0738e-68,5.9341e-70,1.1331e-36,5.0000e-01,4.9077e-64,1.7489e-64,6.7036e-75,6.5747e-47,3.2187e-87,3.9534e-54,1.6308e-57,1.2004e-135,-1.8984e-97,9.9053e-119,2.6740e-73,2.1345e-74,3.5886e-65,1.5654e-136,-1.1141e-121,1.4386e-129,-1.4303e-97,5.8954e-115,3.6402e-132,8.2603e-129,7.1753e-76,-1.5195e-97,-8.2918e-127,1.5020e-63,7.7354e-117,-1.1186e-101,-1.1604e-106,8.8756e-120,-4.9787e-96,6.1850e-129,2.6527e-131,1.7849e-128,-1.3050e-96,3.8350e-01,1.7186e-155,2.9940e-111,1.3574e-104,5.8796e-117,1.0000e+00,-2.322e+06,300,0.001204,0.00026846,0
6.5788e-69,5.2102e-67,1.7024e-53,1.1650e-01,1.1114e-49,3.9329e-47,2.4874e-36,8.5970e-49,-4.0085e-70,-3.7652e-96,1.0738e-68,5.9341e-70,1.1331e-36,5.0000e-01,4.9077e-64,1.7489e-64,6.7036e-75,6.5747e-47,3.2187e-87,3.9534e-54,1.6308e-57,1.2004e-135,-1.8984e-97,9.9053e-119,2.6740e-73,2.1345e-74,3.5886e-65,1.7408e-139,-1.1141e-121,1.5911e-132,-1.4303e-97,5.8954e-115,4.0694e-135,9.1142e-132,7.1753e-76,-1.5195e-97,-8.7930e-127,1.5020e-63,7.7354e-117,-1.1186e-101,-1.1604e-106,8.8756e-120,-4.9787e-96,6.8418e-132,2.9381e-134,1.9750e-131,-1.3050e-96,3.8350e-01,1.8665e-158,2.9940e-111,1.3574e-104,5.8796e-117,1.0000e+00,-2.322e+06,300,0.00080268,0.00053691,0
6.5788e-69,5.2102e-67,1.7024e-53,1.1650e-01,1.1114e-49,3.9329e-47,2.4874e-36,8.5970e-49,-4.0085e-70,-3.7652e-96,1.0738e-68,5.9341e-70,1.1331e-36,5.0000e-01,4.9077e-64,1.7489e-64,6.7036e-75,6.5747e-47,3.2187e-87,3.9534e-54,1.6308e-57,1.2004e-135,-1.8984e-97,9.9053e-119,2.6740e-73,2.1345e-74,3.5886e-65,1.7986e-139,-1.1141e-121,1.6445e-132,-1.4303e-97,5.8954e-115,4.2029e-135,9.4223e-132,7.1753e-76,-1.5195e-97,-8.7930e-127,1.5020e-63,7.7354e-117,-1.1186e-101,-1.1604e-106,8.8756e-120,-4.9787e-96,7.0717e-132,3.0365e-134,2.0414e-131,-1.3050e-96,3.8350e-01,1.9319e-158,2.9940e-111,1.3574e-104,5.8796e-117,1.0000e+00,-2.322e+06,300,0.00080268,0,0
6.5788e-69,5.2102e-67,1.7024e-53,1.1650e-01,1.1114e-49,3.9329e-47,2.4874e-36,8.5970e-49,-4.0085e-70,-3.7652e-96,1.0738e-68,5.9341e-70,1.1331e-36,5.0000e-01,4.9077e-64,1.7489e-64,6.7036e-75,6.5747e-47,3.2187e-87,3.9534e-54,1.6308e-57,1.2004e-135,-1.8984e-97,9.9053e-119,2.6740e-73,2.1345e-74,3.5886e-65,1.7228e-141,-1.1141e-121,1.5693e-134,-1.4303e-97,5.8954e-115,4.0484e-137,8.9724e-134,7.1753e-76,-1.5195e-97,-8.7935e-127,1.5020e-63,7.7354e-117,-1.1186e-101,-1.1604e-106,8.8756e-120,-4.9787e-96,6.7492e-134,2.9012e-136,1.9488e-133,-1.3050e-96,3.8350e-01,1.8143e-160,2.9940e-111,1.3574e-104,5.8796e-117,1.0000e+00,-2.322e+06,300,0.00053512,0.0009396,0
6.5788e-69,5.2102e-67,1.7024e-53,1.1650e-01,1.1114e-49,3.9329e-47,2.4874e-36,8.5970e-49,-4.0085e-70,-3.7652e-96,1.0738e-68,5.9341e-70,1.1331e-36,5.0000e-01,4.9077e-64,1.7489e-64,6.7036e-75,6.5747e-47,3.2187e-87,3.9534e-54,1.6308e-57,1.2004e-135,-1.8984e-97,9.9053e-119,2.6740e-73,2.1345e-74,3.5886e-65,1.9418e-141,-1.1141e-121,1.7711e-134,-1.4303e-97,5.8954e-115,4.5572e-137,1.0132e-133,7.1753e-76,-1.5195e-97,-8.7935e-127,1.5020e-63,7.7354e-117,-1.1186e-101,-1.1604e-106,8.8756e-120,-4.9787e-96,7.6168e-134,3.2731e-136,2.1991e-133,-1.3050e-96,3.8350e-01,2.0571e-160,2.9940e-111,1.3574e-104,5.8796e-117,1.0000e+00,-2.322e+06,300,0.00053512,0,0
6.5788e-69,5.2102e-67,1.7024e-53,1.1650e-01,1.1114e-49,3.9329e-47,2.4874e-36,8.5970e-49,-4.0085e-70,-3.7652e-96,1.0738e-68,5.9341e-70,1.1331e-36,5.0000e-01,4.9077e-64,1.7489e-64,6.7036e-75,6.5747e-47,3.2187e-87,3.9534e-54,1.6308e-57,1.2004e-135,-1.8984e-97,9.9053e-119,2.6740e-73,2.1345e-74,3.5886e-65,-1.1556e-144,-1.1141e-121,6.0627e-138,-1.4303e-97,5.8954e-115,1.5853e-140,3.4565e-137,7.1753e-76,-1.5195e-97,-8.7935e-127,1.5020e-63,7.7354e-117,-1.1186e-101,-1.1604e-106,8.8756e-120,-4.9787e-96,2.6080e-137,1.1227e-139,7.5332e-137,-1.3050e-96,3.8350e-01,6.8581e-164,2.9940e-111,1.3574e-104,5.8796e-117,1.0000e+00,-2.322e+06,300,0,0.00026846,0
6.5788e-69,5.2102e-67,1.7024e-53,1.1650e-01,1.1114e-49,3.9329e-47,2.4874e-36,8.5970e-49,-4.0085e-70,-3.7652e-96,1.0738e-68,5.9341e-70,1.1331e-36,5.0000e-01,4.9077e-64,1.7489e-64,6.7036e-75,6.5747e-47,3.2187e-87,3.9534e-54,1.6308e-57,1.2004e-135,-1.8984e-97,9.9053e-119,2.6740e-73,2.1345e-74,3.5886e-65,-1.1766e-144,-1.1141e-121,5.8708e-138,-1.4303e-97,5.8954e-115,1.5360e-140,3.3466e-137,7.1753e-76,-1.5195e-97,-8.7935e-127,1.5020e-63,7.7354e-117,-1.1186e-101,-1.1604e-106,8.8756e-120,-4.9787e-96,2.5255e-137,1.0873e-139,7.2949e-137,-1.3050e-96,3.8350e-01,6.6340e-164,2.9940e-111,1.3574e-104,5.8796e-117,1.0000e+00,-2.322e+06,300,0,0.00053691,0
6.5788e-69,5.2102e-67,1.7024e-53,1.1650e-01,1.1114e-49,3.9329e-47,2.4874e-36,8.5970e-49,-4.0085e-70,-3.7652e-96,1.0738e-68,5.9341e-70,1.1331e-36,5.0000e-01,4.9077e-64,1.7489e-64,6.7036e-75,6.5747e-47,3.2187e-87,3.9534e-54,1.6308e-57,1.2004e-135,-1.8984e-97,9.9053e-119,2.6740e-73,2.1345e-74,3.5886e-65,-1.2076e-144,-1.1141e-121,5.5878e-138,-1.4303e-97,5.8954e-115,1.4635e-140,3.1845e-137,7.1753e-76,-1.5195e-97,-8.7935e-127,1.5020e-63,7.7354e-117,-1.1186e-101,-1.1604e-106,8.8756e-120,-4.9787e-96,2.4038e-137,1.0350e-139,6.9437e-137,-1.3050e-96,3.8350e-01,6.3024e-164,2.9940e-111,1.3574e-104,5.8796e-117,1.0000e+00,-2.322e+06,300,0,0.00080537,0
6.5788e-69,5.2102e-67,1.7024e-53,1.1650e-01,1.1114e-49,3.9329e-47,2.4874e-36,8.5970e-49,-4.0085e-70,-3.7652e-96,1.0738e-68,5.9341e-70,1.1331e-36,5.0000e-01,4.9077e-64,1.7489e-64,6.7036e-75,6.5747e-47,3.2187e-87,3.9534e-54,1.6308e-57,1.2004e-135,-1.8984e-97,9.9053e-119,2.6740e-73,2.1345e-74,3.5886e-65,1.8224e-141,-1.1141e-121,1.6612e-134,-1.4303e-97,5.8954e-115,4.2796e-137,9.5006e-134,7.1753e-76,-1.5195e-97,-8.7935e-127,1.5020e-63,7.7354e-117,-1.1186e-101,-1.1604e-106,8.8756e-120,-4.9787e-96,7.1442e-134,3.0705e-136,2.0627e-133,-1.3050e-96,3.8350e-01,1.9251e-160,2.9940e-111,1.3574e-104,5.8796e-117,1.0000e+00,-2.322e+06,300,0.00053512,0.00067114,0
6.5788e-69,5.2102e-67,1.7024e-53,1.1650e-01,1.1114e-49,3.9329e-47,2.4874e-36,8.5970e-49,-4.0085e-70,-3.7652e-96,1.0738e-68,5.9341e-70,1.1331e-36,5.0000e-01,4.9077e-64,1.7489e-64,6.7036e-75,6.5747e-47,3.2187e-87,3.9534e-54,1.6308e-57,1.2004e-135,-1.8984e-97,9.9053e-119,2.6740e-73,2.1345e-74,3.5886e-65,1.5350e-143,-1.1141e-121,1.5561e-136,-1.4303e-97,5.8954e-115,4.0494e-139,8.8796e-136,7.1753e-76,-1.5195e-97,-8.7935e-127,1.5020e-63,7.7354e-117,-1.1186e-101,-1.1604e-106,8.8756e-120,-4.9787e-96,6.6933e-136,2.8801e-138,1.9331e-135,-1.3050e-96,3.8350e-01,1.7727e-162,2.9940e-111,1.3574e-104,5.8796e-117,1.0000e+00,-2.322e+06,300,0.00026756,0.0012081,0
6.5788e-69,5.2102e-67,1.7024e-53,1.1650e-01,1.1114e-49,3.9329e-47,2.4874e-36,8.5970e-49,-4.0085e-70,-3.7652e-96,1.0738e-68,5.9341e-70,1.1331e-36,5.0000e-01,4.9077e-64,1.7489e-64,6.7036e-75,6.5747e-47,3.2187e-87,3.9534e-54,1.6308e-57,1.2004e-135,-1.8984e-97,9.9053e-119,2.6740e-73,2.1345e-74,3.5886e-65,1.8889e-143,-1.1141e-121,1.8812e-136,-1.4303e-97,5.8954e-115,4.8739e-139,1.0746e-135,7.1753e-76,-1.5195e-97,-8.7935e-127,1.5020e-63,7.7354e-117,-1.1186e-101,-1.1604e-106,8.8756e-120,-4.9787e-96,8.0911e-136,3.4796e-138,2.3365e-135,-1.3050e-96,3.8350e-01,2.1600e-162,2.9940e-111,1.3574e-104,5.8796e-117,1.0000e+00,-2.322e+06,300,0.00026756,0,0
6.5788e-69,5.2102e-67,1.7024e-53,1.1650e-01,1.1114e-49,3.9329e-47,2.4874e-36,8.5970e-49,-4.0085e-70,-3.7652e-96,1.0738e-68,5.9341e-70,1.1331e-36,5.0000e-01,4.9077e-64,1.7489e-64,6.7036e-75,6.5747e-47,3.2187e-87,3.9534e-54,1.6308e-57,1.2004e-135,-1.8984e-97,9.9053e-119,2.6740e-73,2.1345e-74,3.5886e-65,1.5666e-136,-1.1141e-121,1.4398e-129,-1.4303e-97,5.8954e-115,3.6427e-132,8.2675e-129,7.1753e-76,-1.5195e-97,-8.2915e-127,1.5020e-63,7.7354e-117,-1.1186e-101,-1.1604e-106,8.8756e-120,-4.9787e-96,6.1901e-129,2.6549e-131,1.7864e-128,-1.3050e-96,3.8350e-01,1.7204e-155,2.9940e-111,1.3574e-104,5.8796e-117,1.0000e+00,-2.322e+06,300,0.001204,0.00013423,0
6.5788e-69,5.2102e-67,1.7024e-53,1.1650e-01,1.1114e-49,3.9329e-47,2.4874e-36,8.5970e-49,-4.0085e-70,-3.7652e-96,1.0738e-68,5.9341e-70,1.1331e-36,5.0000e-01,4.9077e-64,1.7489e-64,6.7036e-75,6.5747e-47,3.2187e-87,3.9534e-54,1.6308e-57,1.2004e-135,-1.8984e-97,9.9053e-119,2.6740e-73,2.1345e-74,3.5886e-65,1.6692e-138,-1.1141e-121,1.5282e-131,-1.4303e-97,5.8954e-115,3.8954e-134,8.7605e-131,7.1753e-76,-1.5195e-97,-8.7882e-127,1.5020e-63,7.7354e-117,-1.1186e-101,-1.1604e-106,8.8756e-120,-4.9787e-96,6.5711e-131,2.8207e-133,1.8967e-130,-1.3050e-96,3.8350e-01,1.8030e-157,2.9940e-111,1.3574e-104,5.8796e-117,1.0000e+00,-2.322e+06,300,0.00093645,0.00053691,0
6.5788e-69,5.2102e-67,1.7024e-53,1.1650e-01,1.1114e-49,3.9329e-47,2.4874e-36,8.5970e-49,-4.0085e-70,-3.7652e-96,1.0738e-68,5.9341e-70,1.1331e-36,5.0000e-01,4.9077e-64,1.7489e-64,6.7036e-75,6.5747e-47,3.2187e-87,3.9534e-54,1.6308e-57,1.2004e-135,-1.8984e-97,9.9053e-119,2.6740e-73,2.1345e-74,3.5886e-65,-1.2253e-144,-1.1141e-121,5.4255e-138,-1.4303e-97,5.8954e-115,1.4220e-140,3.0915e-137,7.1753e-76,-1.5195e-97,-8.7935e-127,1.5020e-63,7.7354e-117,-1.1186e-101,-1.1604e-106,8.8756e-120,-4.9787e-96,2.3340e-137,1.0051e-139,6.7422e-137,-1.3050e-96,3.8350e-01,6.1116e-164,2.9940e-111,1.3574e-104,5.8796e-117,1.0000e+00,-2.322e+06,300,0,0.0009396,0
6.5788e-69,5.2102e-67,1.7024e-53,1.1650e-01,1.1114e-49,3.9329e-47,2.4874e-36,8.5970e-49,-4.0085e-70,-3.7652e-96,1.0738e-68,5.9341e-70,1.1331e-36,5.0000e-01,4.9077e-64,1.7489e-64,6.7036e-75,6.5747e-47,3.2187e-87,3.9534e-54,1.6308e-57,1.2004e-135,-1.8984e-97,9.9053e-119,2.6740e-73,2.1345e-74,3.5886e-65,1.6510e-137,-1.1141e-121,1.5147e-130,-1.4303e-97,5.8954e-115,3.8452e-133,8.6913e-130,7.1753e-76,-1.5195e-97,-8.7406e-127,1.5020e-63,7.7354e-117,-1.1186e-101,-1.1604e-106,8.8756e-120,-4.9787e-96,6.5127e-130,2.7943e-132,1.8796e-129,-1.3050e-96,3.8350e-01,1.7997e-156,2.9940e-111,1.3574e-104,5.8796e-117,1.0000e+00,-2.322e+06,300,0.0010702,0.00013423,0
6.5788e-69,5.2102e-67,1.7024e-53,1.1650e-01,1.1114e-49,3.9329e-47,2.4874e-36,8.5970e-49,-4.0085e-70,-3.7652e-96,1.0738e-68,5.9341e-70,1.1331e-36,5.0000e-01,4.9077e-64,1.7489e-64,6.7036e-75,6.5747e-47,3.2187e-87,3.9534e-54,1.6308e-57,1.2004e-135,-1.8984e-97,9.9053e-119,2.6740e-73,2.1345e-74,3.5886e-65,1.5960e-143,-1.1141e-121,1.6122e-136,-1.4303e-97,5.8954e-115,4.1914e-139,9.2022e-136,7.1753e-76,-1.5195e-97,-8.7935e-127,1.5020e-63,7.7354e-117,-1.1186e-101,-1.1604e-106,8.8756e-120,-4.9787e-96,6.9348e-136,2.9836e-138,2.0028e-135,-1.3050e-96,3.8350e-01,1.8399e-162,2.9940e-111,1.3574e-104,5.8796e-117,1.0000e+00,-2.322e+06,300,0.00026756,0.0010738,0
6.5788e-69,5.2102e-67,1.7024e-53,1.1650e-01,1.1114e-49,3.9329e-47,2.4874e-36,8.5970e-49,-4.0085e-70,-3.7652e-96,1.0738e-68,5.9341e-70,1.1331e-36,5.0000e-01,4.9077e-64,1.7489e-64,6.7036e-75,6.5747e-47,3.2187e-87,3.9534e-54,1.6308e-57,1.2004e-135,-1.8984e-97,9.9053e-119,2.6740e-73,2.1345e-74,3.5886e-65,1.8894e-143,-1.1141e-121,1.8816e-136,-1.4303e-97,5.8954e-115,4.8752e-139,1.0748e-135,7.1753e-76,-1.5195e-97,-8.7935e-127,1.5020e-63,7.7354e-117,-1.1186e-101,-1.1604e-106,8.8756e-120,-4.9787e-96,8.0929e-136,3.4804e-138,2.3370e-135,-1.3050e-96,3.8350e-01,2.1604e-162,2.9940e-111,1.3574e-104,5.8796e-117,1.0000e+00,-2.322e+06,300,0.00026756,0.00013423,0
6.5788e-69,5.2102e-67,1.7024e-53,1.1650e-01,1.1114e-49,3.9329e-47,2.4874e-36,8.5970e-49,-4.0085e-70,-3.7652e-96,1.0738e-68,5.9341e-70,1.1331e-36,5.0000e-01,4.9077e-64,1.7489e-64,6.7036e-75,6.5747e-47,3.2187e-87,3.9534e-54,1.6308e-57,1.2004e-135,-1.8984e-97,9.9053e-119,2.6740e-73,2.1345e-74,3.5886e-65,1.8098e-139,-1.1141e-121,1.6547e-132,-1.4303e-97,5.8954e-115,4.2291e-135,9.4806e-132,7.1753e-76,-1.5195e-97,-8.7930e-127,1.5020e-63,7.7354e-117,-1.1186e-101,-1.1604e-106,8.8756e-120,-4.9787e-96,7.1156e-132,3.0553e-134,2.0540e-131,-1.3050e-96,3.8350e-01,1.9437e-158,2.9940e-111,1.3574e-104,5.8796e-117,1.0000e+00,-2.322e+06,300,0.00080268,0.00013423,0
6.5788e-69,5.2102e-67,1.7024e-53,1.1650e-01,1.1114e-49,3.9329e-47,2.4874e-36,8.5970e-49,-4.0085e-70,-3.7652e-96,1.0738e-68,5.9341e-70,1.1331e-36,5.0000e-01,4.9077e-64,1.7489e-64,6.7036e-75,6.5747e-47,3.2187e-87,3.9534e-54,1.6308e-57,1.2004e-135,-1.8984e-97,9.9053e-119,2.6740e-73,2.1345e-74,3.5886e-65,1.9476e-141,-1.1141e-121,1.7764e-134,-1.4303e-97,5.8954e-115,4.5708e-137,1.0162e-133,7.1753e-76,-1.5195e-97,-8.7935e-127,1.5020e-63,7.7354e-117,-1.1186e-101,-1.1604e-106,8.8756e-120,-4.9787e-96,7.6394e-134,3.2828e-136,2.2056e-133,-1.3050e-96,3.8350e-01,2.0630e-160,2.9940e-111,1.3574e-104,5.8796e-117,1.0000e+00,-2.322e+06,300,0.00053512,0.00013423,0
6.5788e-69,5.2102e-67,1.7024e-53,1.1650e-01,1.1114e-49,3.9329e-47,2.4874e-36,8.5970e-49,-4.0085e-70,-3.7652e-96,1.0738e-68,5.9341e-70,1.1331e-36,5.0000e-01,4.9077e-64,1.7489e-64,6.7036e-75,6.5747e-47,3.2187e-87,3.9534e-54,1.6308e-57,1.2004e-135,-1.8984e-97,9.9053e-119,2.6740e-73,2.1345e-74,3.5886e-65,3.9683e-145,-1.1141e-121,2.0137e-137,-1.4303e-97,5.8954e-115,5.2437e-140,1.1491e-136,7.1753e-76,-1.5195e-97,-8.7935e-127,1.5020e-63,7.7354e-117,-1.1186e-101,-1.1604e-106,8.8756e-120,-4.9787e-96,8.6619e-137,3.7272e-139,2.5017e-136,-1.3050e-96,3.8350e-01,2.2930e-163,2.9940e-111,1.3574e-104,5.8796e-117,1.0000e+00,-2.322e+06,300,0.00013378,0.00053691,0
6.5788e-69,5.2102e-67,1.7024e-53,1.1650e-01,1.1114e-49,3.9329e-47,2.4874e-36,8.5970e-49,-4.0085e-70,-3.7652e-96,1.0738e-68,5.9341e-70,1.1331e-36,5.0000e-01,4.9077e-64,1.7489e-64,6.7036e-75,6.5747e-47,3.2187e-87,3.9534e-54,1.6308e-57,1.2004e-135,-1.8984e-97,9.9053e-119,2.6740e-73,2.1345e-74,3.5886e-65,1.9084e-141,-1.1141e-121,1.7403e-134,-1.4303e-97,5.8954e-115,4.4797e-137,9.9549e-134,7.1753e-76,-1.5195e-97,-8.7935e-127,1.5020e-63,7.7354e-117,-1.1186e-101,-1.1604e-106,8.8756e-120,-4.9787e-96,7.4842e-134,3.2163e-136,2.1609e-133,-1.3050e-96,3.8350e-01,2.0197e-160,2.9940e-111,1.3574e-104,5.8796e-117,1.0000e+00,-2.322e+06,300,0.00053512,0.00040268,0
6.5788e-69,5.2102e-67,1.7024e-53,1.1650e-01,1.1114e-49,3.9329e-47,2.4874e-36,8.5970e-49,-4.0085e-70,-3.7652e-96,1.0738e-68,5.9341e-70,1.1331e-36,5.0000e-01,4.9077e-64,1.7489e-64,6.7036e-75,6.5747e-47,3.2187e-87,3.9534e-54,1.6308e-57,1.2004e-135,-1.8984e-97,9.9053e-119,2.6740e-73,2.1345e-74,3.5886e-65,1.7080e-143,-1.1141e-121,1.7151e-136,-1.4303e-97,5.8954e-115,4.4519e-139,9.7933e-136,7.1753e-76,-1.5195e-97,-8.7935e-127,1.5020e-63,7.7354e-117,-1.1186e-101,-1.1604e-106,8.8756e-120,-4.9787e-96,7.3772e-136,3.1733e-138,2.1305e-135,-1.3050e-96,3.8350e-01,1.9629e-162,2.9940e-111,1.3574e-104,5.8796e-117,1.0000e+00,-2.322e+06,300,0.00026756,0.00080537,0
6.5788e-69,5.2102e-67,1.7024e-53,1.1650e-01,1.1114e-49,3.9329e-47,2.4874e-36,8.5970e-49,-4.0085e-70,-3.7652e-96,1.0738e-68,5.9341e-70,1.1331e-36,5.0000e-01,4.9077e-64,1.7489e-64,6.7036e-75,6.5747e-47,3.2187e-87,3.9534e-54,1.6308e-57,1.2004e-135,-1.8984e-97,9.9053e-119,2.6740e-73,2.1345e-74,3.5886e-65,1.6477e-137,-1.1141e-121,1.5116e-130,-1.4303e-97,5.8954e-115,3.8379e-133,8.6732e-130,7.1753e-76,-1.5195e-97,-8.7407e-127,1.5020e-63,7.7354e-117,-1.1186e-101,-1.1604e-106,8.8756e-120,-4.9787e-96,6.4994e-130,2.7886e-132,1.8758e-129,-1.3050e-96,3.8350e-01,1.7955e-156,2.9940e-111,1.3574e-104,5.8796e-117,1.0000e+00,-2.322e+06,300,0.0010702,0.00026846,0
6.5788e-69,5.2102e-67,1.7024e-53,1.1650e-01,1.1114e-49,3.9329e-47,2.4874e-36,8.5970e-49,-4.0085e-70,-3.7652e-96,1.0738e-68,5.9341e-70,1.1331e-36,5.0000e-01,4.9077e-64,1.7489e-64,6.7036e-75,6.5747e-47,3.2187e-87,3.9534e-54,1.6308e-57,1.2004e-135,-1.8984e-97,9.9053e-119,2.6740e-73,2.1345e-74,3.5886e-65,1.6680e-141,-1.1141e-121,1.5188e-134,-1.4303e-97,5.8954e-115,3.9215e-137,8.6816e-134,7.1753e-76,-1.5195e-97,-8.7935e-127,1.5020e-63,7.7354e-117,-1.1186e-101,-1.1604e-106,8.8756e-120,-4.9787e-96,6.5320e-134,2.8081e-136,1.8861e-133,-1.3050e-96,3.8350e-01,1.7531e-160,2.9940e-111,1.3574e-104,5.8796e-117,1.0000e+00,-2.322e+06,300,0.00053512,0.0010738,0
6.5788e-69,5.2102e-67,1.7024e-53,1.1650e-01,1.1114e-49,3.9329e-47,2.4874e-36,8.5970e-49,-4.0085e-70,-3.7652e-96,1.0738e-68,5.9341e-70,1.1331e-36,5.0000e-01,4.9077e-64,1.7489e-64,6.7036e-75,6.5747e-47,3.2187e-87,3.9534e-54,1.6308e-57,1.2004e-135,-1.8984e-97,9.9053e-119,2.6740e-73,2.1345e-74,3.5886e-65,1.7052e-142,-1.1141e-121,1.5649e-135,-1.4303e-97,5.8954e-115,4.0542e-138,8.9385e-135,7.1753e-76,-1.5195e-97,-8.7935e-127,1.5020e-63,7.7354e-117,-1.1186e-101,-1.1604e-106,8.8756e-120,-4.9787e-96,6.7306e-135,2.8946e-137,1.9436e-134,-1.3050e-96,3.8350e-01,1.7961e-161,2.9940e-111,1.3574e-104,5.8796e-117,2.0524e+161,-2.322e+06,300,0.00040134,0.0010738,0
6.5788e-69,5.2102e-67,1.7024e-53,1.1650e-01,1.1114e-49,3.9329e-47,2.4874e-36,8.5970e-49,-4.0085e-70,-3.7652e-96,1.0738e-68,5.9341e-70,1.1331e-36,5.0000e-01,4.9077e-64,1.7489e-64,6.7036e-75,6.5747e-47,3.2187e-87,3.9534e-54,1.6308e-57,1.2004e-135,-1.8984e-97,9.9053e-119,2.6740e-73,2.1345e-74,3.5886e-65,4.8877e-145,-1.1141e-121,2.0978e-137,-1.4303e-97,5.8954e-115,5.4587e-140,1.1972e-136,7.1753e-76,-1.5195e-97,-8.7935e-127,1.5020e-63,7.7354e-117,-1.1186e-101,-1.1604e-106,8.8756e-120,-4.9787e-96,9.0235e-137,3.8825e-139,2.6061e-136,-1.3050e-96,3.8350e-01,2.3919e-163,2.9940e-111,1.3574e-104,5.8796e-117,1.0000e+00,-2.322e+06,300,0.00013378,0.00013423,0
6.5788e-69,5.2102e-67,1.7024e-53,1.1650e-01,1.1114e-49,3.9329e-47,2.4874e-36,8.5970e-49,-4.0085e-70,-3.7652e-96,1.0738e-68,5.9341e-70,1.1331e-36,5.0000e-01,4.9077e-64,1.7489e-64,6.7036e-75,6.5747e-47,3.2187e-87,3.9534e-54,1.6308e-57,1.2004e-135,-1.8984e-97,9.9053e-119,2.6740e-73,2.1345e-74,3.5886e-65,-1.1505e-144,-1.1141e-121,6.1091e-138,-1.4303e-97,5.8954e-115,1.5972e-140,3.4831e-137,7.1753e-76,-1.5195e-97,-8.7935e-127,1.5020e-63,7.7354e-117,-1.1186e-101,-1.1604e-106,8.8756e-120,-4.9787e-96,2.6280e-137,1.1313e-139,7.5908e-137,-1.3050e-96,3.8350e-01,6.9123e-164,2.9940e-111,1.3574e-104,5.8796e-117,1.0000e+00,-2.322e+06,300,0,0.00013423,0
6.5788e-69,5.2102e-67,1.7024e-53,1.1650e-01,1.1114e-49,3.9329e-47,2.4874e-36,8.5970e-49,-4.0085e-70,-3.7652e-96,1.0738e-68,5.9341e-70,1.1331e-36,5.0000e-01,4.9077e-64,1.7489e-64,6.7036e-75,6.5747e-47,3.2187e-87,3.9534e-54,1.6308e-57,1.2004e-135,-1.8984e-97,9.9053e-119,2.6740e-73,2.1345e-74,3.5886e-65,1.5472e-136,-1.1141e-121,1.4216e-129,-1.4303e-97,5.8954e-115,3.5982e-132,8.1626e-129,7.1753e-76,-1.5195e-97,-8.2976e-127,1.5020e-63,7.7354e-117,-1.1186e-101,-1.1604e-106,8.8756e-120,-4.9787e-96,6.1122e-129,2.6216e-131,1.7639e-128,-1.3050e-96,3.8350e-01,1.6976e-155,2.9940e-111,1.3574e-104,5.8796e-117,1.0000e+00,-2.322e+06,300,0.001204,0.00040268,0
6.5788e-69,5.2102e-67,1.7024e-53,1.1650e-01,1.1114e-49,3.9329e-47,2.4874e-36,8.5970e-49,-4.0085e-70,-3.7652e-96,1.0738e-68,5.9341e-70,1.1331e-36,5.0000e-01,4.9077e-64,1.7489e-64,6.7036e-75,6.5747e-47,3.2187e-87,3.9534e-54,1.6308e-57,1.2004e-135,-1.8984e-97,9.9053e-119,2.6740e-73,2.1345e-74,3.5886e-65,1.6274e-137,-1.1141e-121,1.4928e-130,-1.4303e-97,5.8954e-115,3.7910e-133,8.5647e-130,7.1753e-76,-1.5195e-97,-8.7413e-127,1.5020e-63,7.7354e-117,-1.1186e-101,-1.1604e-106,8.8756e-120,-4.9787e-96,6.4184e-130,2.7540e-132,1.8525e-129,-1.3050e-96,3.8350e-01,1.7724e-156,2.9940e-111,1.3574e-104,5.8796e-117,1.0000e+00,-2.322e+06,300,0.0010702,0.00040268,0
6.5788e-69,5.2102e-67,1.7024e-53,1.1650e-01,1.1114e-49,3.9329e-47,2.4874e-36,8.5970e-49,-4.0085e-70,-3.7652e-96,1.0738e-68,5.9341e-70,1.1331e-36,5.0000e-01,4.9077e-64,1.7489e-64,6.7036e-75,6.5747e-47,3.2187e-87,3.9534e-54,1.6308e-57,1.2004e-135,-1.8984e-97,9.9053e-119,2.6740e-73,2.1345e-74,3.5886e-65,4.7156e-145,-1.1141e-121,2.0820e-137,-1.4303e-97,5.8954e-115,5.4184e-140,1.1882e-136,7.1753e-76,-1.5195e-97,-8.7935e-127,1.5020e-63,7.7354e-117,-1.1186e-101,-1.1604e-106,8.8756e-120,-4.9787e-96,8.9557e-137,3.8534e-139,2.5865e-136,-1.3050e-96,3.8350e-01,2.3733e-163,2.9940e-111,1.3574e-104,5.8796e-117,1.0000e+00,-2.322e+06,300,0.00013378,0.00026846,0
6.5788e-69,5.2102e-67,1.7024e-53,1.1650e-01,1.1114e-49,3.9329e-47,2.4874e-36,8.5970e-49,-4.0085e-70,-3.7652e-96,1.0738e-68,5.9341e-70,1.1331e-36,5.0000e-01,4.9077e-64,1.7489e-64,6.7036e-75,6.5747e-47,3.2187e-87,3.9534e-54,1.6308e-57,1.2004e-135,-1.8984e-97,9.9053e-119,2.6740e-73,2.1345e-74,3.5886e-65,9.6208e-146,-1.1141e-121,1.7380e-137,-1.4303e-97,5.8954e-115,4.5420e-140,9.9088e-137,7.1753e-76,-1.5195e-97,-8.7935e-127,1.5020e-63,7.7354e-117,-1.1186e-101,-1.1604e-106,8.8756e-120,-4.9787e-96,7.4764e-137,3.2186e-139,2.1595e-136,-1.3050e-96,3.8350e-01,1.9663e-163,2.9940e-111,1.3574e-104,5.8796e-117,1.0000e+00,-2.322e+06,300,0.00013378,0.0012081,0
6.5788e-69,5.2102e-67,1.7024e-53,1.1650e-01,1.1114e-49,3.9329e-47,2.4874e-36,8.5970e-49,-4.0085e-70,-3.7652e-96,1.0738e-68,5.9341e-70,1.1331e-36,5.0000e-01,4.9077e-64,1.7489e-64,6.7036e-75,6.5747e-47,3.2187e-87,3.9534e-54,1.6308e-57,1.2004e-135,-1.8984e-97,9.9053e-119,2.6740e-73,2.1345e-74,3.5886e-65,1.6449e-145,-1.1141e-121,1.8006e-137,-1.4303e-97,5.8954e-115,4.7011e-140,1.0268e-136,7.1753e-76,-1.5195e-97,-8.7935e-127,1.5020e-63,7.7354e-117,-1.1186e-101,-1.1604e-106,8.8756e-120,-4.9787e-96,7.7457e-137,3.3341e-139,2.2372e-136,-1.3050e-96,3.8350e-01,2.0408e-163,2.9940e-111,1.3574e-104,5.8796e-117,1.0000e+00,-2.322e+06,300,0.00013378,0.0010738,0
6.5788e-69,5.2102e-67,1.7024e-53,1.1650e-01,1.1114e-49,3.9329e-47,2.4874e-36,8.5970e-49,-4.0085e-70,-3.7652e-96,1.0738e-68,5.9341e-70,1.1331e-36,5.0000e-01,4.9077e-64,1.7489e-64,6.7036e-75,6.5747e-47,3.2187e-87,3.9534e-54,1.6308e-57,1.2004e-135,-1.8984e-97,9.9053e-119,2.6740e-73,2.1345e-74,3.5886e-65,2.8982e-145,-1.1141e-121,1.9157e-137,-1.4303e-97,5.8954e-115,4.9938e-140,1.0929e-136,7.1753e-76,-1.5195e-97,-8.7935e-127,1.5020e-63,7.7354e-117,-1.1186e-101,-1.1604e-106,8.8756e-120,-4.9787e-96,8.2405e-137,3.5464e-139,2.3801e-136,-1.3050e-96,3.8350e-01,2.1773e-163,2.9940e-111,1.3574e-104,5.8796e-117,1.0000e+00,-2.322e+06,300,0.00013378,0.00080537,0
6.5788e-69,5.2102e-67,1.7024e-53,1.1650e-01,1.1114e-49,3.9329e-47,2.4874e-36,8.5970e-49,-4.0085e-70,-3.7652e-96,1.0738e-68,5.9341e-70,1.1331e-36,5.0000e-01,4.9077e-64,1.7489e-64,6.7036e-75,6.5747e-47,3.2187e-87,3.9534e-54,1.6308e-57,1.2004e-135,-1.8984e-97,9.9053e-119,2.6740e-73,2.1345e-74,3.5886e-65,2.2931e-145,-1.1141e-121,1.8602e-137,-1.4303e-97,5.8954e-115,4.8525e-140,1.0610e-136,7.1753e-76,-1.5195e-97,-8.7935e-127,1.5020e-63,7.7354e-117,-1.1186e-101,-1.1604e-106,8.8756e-120,-4.9787e-96,8.0017e-137,3.4439e-139,2.3112e-136,-1.3050e-96,3.8350e-01,2.1115e-163,2.9940e-111,1.3574e-104,5.8796e-117,1.0000e+00,-2.322e+06,300,0.00013378,0.0009396,0
6.5788e-69,5.2102e-67,1.7024e-53,1.1650e-01,1.1114e-49,3.9329e-47,2.4874e-36,8.5970e-49,-4.0085e-70,-3.7652e-96,1.0738e-68,5.9341e-70,1.1331e-36,5.0000e-01,4.9077e-64,1.7489e-64,6.7036e-75,6.5747e-47,3.2187e-87,3.9534e-54,1.6308e-57,1.2004e-135,-1.8984e-97,9.9053e-119,2.6740e-73,2.1345e-74,3.5886e-65,1.6542e-143,-1.1141e-121,1.6657e-136,-1.4303e-97,5.8954e-115,4.3267e-139,9.5092e-136,7.1753e-76,-1.5195e-97,-8.7935e-127,1.5020e-63,7.7354e-117,-1.1186e-101,-1.1604e-106,8.8756e-120,-4.9787e-96,7.1646e-136,3.0822e-138,2.0691e-135,-1.3050e-96,3.8350e-01,1.9039e-162,2.9940e-111,1.3574e-104,5.8796e-117,1.0000e+00,-2.322e+06,300,0.00026756,0.0009396,0
6.5788e-69,5.2102e-67,1.7024e-53,1.1650e-01,1.1114e-49,3.9329e-47,2.4874e-36,8.5970e-49,-4.0085e-70,-3.7652e-96,1.0738e-68,5.9341e-70,1.1331e-36,5.0000e-01,4.9077e-64,1.7489e-64,6.7036e-75,6.5747e-47,3.2187e-87,3.9534e-54,1.6308e-57,1.2004e-135,-1.8984e-97,9.9053e-119,2.6740e-73,2.1345e-74,3.5886e-65,1.7615e-142,-1.1141e-121,1.6167e-135,-1.4303e-97,5.8954e-115,4.1849e-138,9.2366e-135,7.1753e-76,-1.5195e-97,-8.7935e-127,1.5020e-63,7.7354e-117,-1.1186e-101,-1.1604e-106,8.8756e-120,-4.9787e-96,6.9536e-135,2.9902e-137,2.0080e-134,-1.3050e-96,3.8350e-01,1.8585e-161,2.9940e-111,1.3574e-104,5.8796e-117,1.0000e+00,-2.322e+06,300,0.00040134,0.0009396,0
6.5788e-69,5.2102e-67,1.7024e-53,1.1650e-01,1.1114e-49,3.9329e-47,2.4874e-36,8.5970e-49,-4.0085e-70,-3.7652e-96,1.0738e-68,5.9341e-70,1.1331e-36,5.0000e-01,4.9077e-64,1.7489e-64,6.7036e-75,6.5747e-47,3.2187e-87,3.9534e-54,1.6308e-57,1.2004e-135,-1.8984e-97,9.9053e-119,2.6740e-73,2.1345e-74,3.5886e-65,1.7046e-138,-1.1141e-121,1.5609e-131,-1.4303e-97,5.8954e-115,3.9773e-134,8.9487e-131,7.1753e-76,-1.5195e-97,-8.7881e-127,1.5020e-63,7.7354e-117,-1.1186e-101,-1.1604e-106,8.8756e-120,-4.9787e-96,6.7116e-131,2.8809e-133,1.9373e-130,-1.3050e-96,3.8350e-01,1.8427e-157,2.9940e-111,1.3574e-104,5.8796e-117,1.0000e+00,-2.322e+06,300,0.00093645,0.00040268,0
6.5788e-69,5.2102e-67,1.7024e-53,1.1650e-01,1.1114e-49,3.9329e-47,2.4874e-36,8.5970e-49,-4.0085e-70,-3.7652e-96,1.0738e-68,5.9341e-70,1.1331e-36,5.0000e-01,4.9077e-64,1.7489e-64,6.7036e-75,6.5747e-47,3.2187e-87,3.9534e-54,1.6308e-57,1.2004e-135,-1.8984e-97,9.9053e-119,2.6740e-73,2.1345e-74,3.5886e-65,1.8745e-143,-1.1141e-121,1.8679e-136,-1.4303e-97,5.8954e-115,4.8405e-139,1.0670e-135,7.1753e-76,-1.5195e-97,-8.7935e-127,1.5020e-63,7.7354e-117,-1.1186e-101,-1.1604e-106,8.8756e-120,-4.9787e-96,8.0342e-136,3.4553e-138,2.3201e-135,-1.3050e-96,3.8350e-01,2.1441e-162,2.9940e-111,1.3574e-104,5.8796e-117,1.0000e+00,-2.322e+06,300,0.00026756,0.00026846,0
6.5788e-69,5.2102e-67,1.7024e-53,1.1650e-01,1.1114e-49,3.9329e-47,2.4874e-36,8.5970e-49,-4.0085e-70,-3.7652e-96,1.0738e-68,5.9341e-70,1.1331e-36,5.0000e-01,4.9077e-64,1.7489e-64,6.7036e-75,6.5747e-47,3.2187e-87,3.9534e-54,1.6308e-57,1.2004e-135,-1.8984e-97,9.9053e-119,2.6740e-73,2.1345e-74,3.5886e-65,1.7323e-138,-1.1141e-121,1.5866e-131,-1.4303e-97,5.8954e-115,4.0414e-134,9.0972e-131,7.1753e-76,-1.5195e-97,-8.7880e-127,1.5020e-63,7.7354e-117,-1.1186e-101,-1.1604e-106,8.8756e-120,-4.9787e-96,6.8223e-131,2.9283e-133,1.9692e-130,-1.3050e-96,3.8350e-01,1.8744e-157,2.9940e-111,1.3574e-104,5.8796e-117,1.0000e+00,-2.322e+06,300,0.00093645,0.00013423,0
6.5788e-69,5.2102e-67,1.7024e-53,1.1650e-01,1.1114e-49,3.9329e-47,2.4874e-36,8.5970e-49,-4.0085e-70,-3.7652e-96,1.0738e-68,5.9341e-70,1.1331e-36,5.0000e-01,4.9077e-64,1.7489e-64,6.7036e-75,6.5747e-47,3.2187e-87,3.9534e-54,1.6308e-57,1.2004e-135,-1.8984e-97,9.9053e-119,2.6740e-73,2.1345e-74,3.5886e-65,1.8021e-139,-1.1141e-121,1.6476e-132,-1.4303e-97,5.8954e-115,4.2116e-135,9.4397e-132,7.1753e-76,-1.5195e-97,-8.7930e-127,1.5020e-63,7.7354e-117,-1.1186e-101,-1.1604e-106,8.8756e-120,-4.9787e-96,7.0851e-132,3.0423e-134,2.0452e-131,-1.3050e-96,3.8350e-01,1.9349e-158,2.9940e-111,1.3574e-104,5.8796e-117,1.0000e+00,-2.322e+06,300,0.00080268,0.00026846,0
6.5788e-69,5.2102e-67,1.7024e-53,1.1650e-01,1.1114e-49,3.9329e-47,2.4874e-36,8.5970e-49,-4.0085e-70,-3.7652e-96,1.0738e-68,5.9341e-70,1.1331e-36,5.0000e-01,4.9077e-64,1.7489e-64,6.7036e-75,6.5747e-47,3.2187e-87,3.9534e-54,1.6308e-57,1.2004e-135,-1.8984e-97,9.9053e-119,2.6740e-73,2.1345e-74,3.5886e-65,1.7779e-139,-1.1141e-121,1.6252e-132,-1.4303e-97,5.8954e-115,4.1553e-135,9.3108e-132,7.1753e-76,-1.5195e-97,-8.7930e-127,1.5020e-63,7.7354e-117,-1.1186e-101,-1.1604e-106,8.8756e-120,-4.9787e-96,6.9888e-132,3.0010e-134,2.0174e-131,-1.3050e-96,3.8350e-01,1.9078e-158,2.9940e-111,1.3574e-104,5.8796e-117,1.0000e+00,-2.322e+06,300,0.00080268,0.00040268,0
6.5788e-69,5.2102e-67,1.7024e-53,1.1650e-01,1.1114e-49,3.9329e-47,2.4874e-36,8.5970e-49,-4.0085e-70,-3.7652e-96,1.0738e-68,5.9341e-70,1.1331e-36,5.0000e-01,4.9077e-64,1.7489e-64,6.7036e-75,6.5747e-47,3.2187e-87,3.9534e-54,1.6308e-57,1.2004e-135,-1.8984e-97,9.9053e-119,2.6740e-73,2.1345e-74,3.5886e-65,1.7186e-138,-1.1141e-121,1.5741e-131,-1.4303e-97,5.8954e-115,4.0093e-134,9.0254e-131,7.1753e-76,-1.5195e-97,-8.7880e-127,1.5020e-63,7.7354e-117,-1.1186e-101,-1.1604e-106,8.8756e-120,-4.9787e-96,6.7684e-131,2.9051e-133,1.9536e-130,-1.3050e-96,3.8350e-01,1.8597e-157,2.9940e-111,1.3574e-104,5.8796e-117,1.0000e+00,-2.322e+06,300,0.00093645,0,0
6.5788e-69,5.2102e-67,1.7024e-53,1.1650e-01,1.1114e-49,3.9329e-47,2.4874e-36,8.5970e-49,-4.0085e-70,-3.7652e-96,1.0738e-68,5.9341e-70,1.1331e-36,5.0000e-01,4.9077e-64,1.7489e-64,6.7036e-75,6.5747e-47,3.2187e-87,3.9534e-54,1.6308e-57,1.2004e-135,-1.8984e-97,9.9053e-119,2.6740e-73,2.1345e-74,3.5886e-65,1.7269e-138,-1.1141e-121,1.5816e-131,-1.4303e-97,5.8954e-115,4.0290e-134,9.0677e-131,7.1753e-76,-1.5195e-97,-8.7880e-127,1.5020e-63,7.7354e-117,-1.1186e-101,-1.1604e-106,8.8756e-120,-4.9787e-96,6.8004e-131,2.9190e-133,1.9629e-130,-1.3050e-96,3.8350e-01,1.8679e-157,2.9940e-111,1.3574e-104,5.8796e-117,-nan,-2.322e+06,300,0.00093645,0.00026846,0
6.5788e-69,5.2102e-67,1.7024e-53,1.1650e-01,1.1114e-49,3.9329e-47,2.4874e-36,8.5970e-49,-4.0085e-70,-3.7652e-96,1.0738e-68,5.9341e-70,1.1331e-36,5.0000e-01,4.9077e-64,1.7489e-64,6.7036e-75,6.5747e-47,3.2187e-87,3.9534e-54,1.6308e-57,1.2004e-135,-1.8984e-97,9.9053e-119,2.6740e-73,2.1345e-74,3.5886e-65,1.7739e-141,-1.1141e-121,1.6165e-134,-1.4303e-97,5.8954e-115,4.1671e-137,9.2439e-134,7.1753e-76,-1.5195e-97,-8.7935e-127,1.5020e-63,7.7354e-117,-1.1186e-101,-1.1604e-106,8.8756e-120,-4.9787e-96,6.9522e-134,2.9882e-136,2.0074e-133,-1.3050e-96,3.8350e-01,1.8713e-160,2.9940e-111,1.3574e-104,5.8796e-117,1.0000e+00,-2.322e+06,300,0.00053512,0.00080537,0
6.5788e-69,5.2102e-67,1.7024e-53,1.1650e-01,1.1114e-49,3.9329e-47,2.4874e-36,8.5970e-49,-4.0085e-70,-3.7652e-96,1.0738e-68,5.9341e-70,1.1331e-36,5.0000e-01,4.9077e-64,1.7489e-64,6.7036e-75,6.5747e-47,3.2187e-87,3.9534e-54,1.6308e-57,1.2004e-135,-1.8984e-97,9.9053e-119,2.6740e-73,2.1345e-74,3.5886e-65,1.8138e-142,-1.1141e-121,1.6649e-135,-1.4303e-97,5.8954e-115,4.3066e-138,9.5138e-135,7.1753e-76,-1.5195e-97,-8.7935e-127,1.5020e-63,7.7354e-117,-1.1186e-101,-1.1604e-106,8.8756e-120,-4.9787e-96,7.1609e-135,3.0791e-137,2.0678e-134,-1.3050e-96,3.8350e-01,1.9165e-161,2.9940e-111,1.3574e-104,5.8796e-117,1.0000e+00,-2.322e+06,300,0.00040134,0.00080537,0
6.5788e-69,5.2102e-67,1.7024e-53,1.1650e-01,1.1114e-49,3.9329e-47,2.4874e-36,8.5970e-49,-4.0085e-70,-3.7652e-96,1.0738e-68,5.9341e-70,1.1331e-36,5.0000e-01,4.9077e-64,1.7489e-64,6.7036e-75,6.5747e-47,3.2187e-87,3.9534e-54,1.6308e-57,1.2004e-135,-1.8984e-97,9.9053e-119,2.6740e-73,2.1345e-74,3.5886e-65,1.8823e-140,-1.1141e-121,1.7182e-133,-1.4303e-97,5.8954e-115,4.4063e-136,9.8372e-133,7.1753e-76,-1.5195e-97,-8.7935e-127,1.5020e-63,7.7354e-117,-1.1186e-101,-1.1604e-106,8.8756e-120,-4.9787e-96,7.3890e-133,3.1740e-135,2.1332e-132,-1.3050e-96,3.8350e-01,2.0069e-159,2.9940e-111,1.3574e-104,5.8796e-117,1.0000e+00,-2.322e+06,300,0.0006689,0.00013423,0
6.5788e-69,5.2102e-67,1.7024e-53,1.1650e-01,1.1114e-49,3.9329e-47,2.4874e-36,8.5970e-49,-4.0085e-70,-3.7652e-96,1.0738e-68,5.9341e-70,1.1331e-36,5.0000e-01,4.9077e-64,1.7489e-64,6.7036e-75,6.5747e-47,3.2187e-87,3.9534e-54,1.6308e-57,1.2004e-135,-1.8984e-97,9.9053e-119,2.6740e-73,2.1345e-74,3.5886e-65,1.8738e-140,-1.1141e-121,1.7105e-133,-1.4303e-97,5.8954e-115,4.3863e-136,9.7929e-133,7.1753e-76,-1.5195e-97,-8.7935e-127,1.5020e-63,7.7354e-117,-1.1186e-101,-1.1604e-106,8.8756e-120,-4.9787e-96,7.3557e-133,3.1597e-135,2.1235e-132,-1.3050e-96,3.8350e-01,1.9980e-159,2.9940e-111,1.3574e-104,5.8796e-117,1.0000e+00,-2.322e+06,300,0.0006689,0,0
6.5788e-69,5.2102e-67,1.7024e-53,1.1650e-01,1.1114e-49,3.9329e-47,2.4874e-36,8.5970e-49,-4.0085e-70,-3.7652e-96,1.0738e-68,5.9341e-70,1.1331e-36,5.0000e-01,4.9077e-64,1.7489e-64,6.7036e-75,6.5747e-47,3.2187e-87,3.9534e-54,1.6308e-57,1.2004e-135,-1.8984e-97,9.9053e-119,2.6740e-73,2.1345e-74,3.5886e-65,1.8629e-142,-1.1141e-121,1.7101e-135,-1.4303e-97,5.8954e-115,4.4208e-138,9.7733e-135,7.1753e-76,-1.5195e-97,-8.7935e-127,1.5020e-63,7.7354e-117,-1.1186e-101,-1.1604e-106,8.8756e-120,-4.9787e-96,7.3551e-135,3.1624e-137,2.1238e-134,-1.3050e-96,3.8350e-01,1.9706e-161,2.9940e-111,1.3574e-104,5.8796e-117,1.0000e+00,-2.322e+06,300,0.00040134,0.00067114,0
6.5788e-69,5.2102e-67,1.7024e-53,1.1650e-01,1.1114e-49,3.9329e-47,2.4874e-36,8.5970e-49,-4.0085e-70,-3.7652e-96,1.0738e-68,5.9341e-70,1.1331e-36,5.0000e-01,4.9077e-64,1.7489e-64,6.7036e-75,6.5747e-47,3.2187e-87,3.9534e-54,1.6308e-57,1.2004e-135,-1.8984e-97,9.9053e-119,2.6740e-73,2.1345e-74,3.5886e-65,1.9358e-141,-1.1141e-121,1.7655e-134,-1.4303e-97,5.8954e-115,4.5435e-137,1.0100e-133,7.1753e-76,-1.5195e-97,-8.7935e-127,1.5020e-63,7.7354e-117,-1.1186e-101,-1.1604e-106,8.8756e-120,-4.9787e-96,7.5927e-134,3.2628e-136,2.1922e-133,-1.3050e-96,3.8350e-01,2.0499e-160,2.9940e-111,1.3574e-104,5.8796e-117,1.0000e+00,-2.322e+06,300,0.00053512,0.00026846,0
6.5788e-69,5.2102e-67,1.7024e-53,1.1650e-01,1.1114e-49,3.9329e-47,2.4874e-36,8.5970e-49,-4.0085e-70,-3.7652e-96,1.0738e-68,5.9341e-70,1.1331e-36,5.0000e-01,4.9077e-64,1.7489e-64,6.7036e-75,6.5747e-47,3.2187e-87,3.9534e-54,1.6308e-57,1.2004e-135,-1.8984e-97,9.9053e-119,2.6740e-73,2.1345e-74,3.5886e-65,1.8725e-140,-1.1141e-121,1.7092e-133,-1.4303e-97,5.8954e-115,4.3837e-136,9.7850e-133,7.1753e-76,-1.5195e-97,-8.7935e-127,1.5020e-63,7.7354e-117,-1.1186e-101,-1.1604e-106,8.8756e-120,-4.9787e-96,7.3501e-133,3.1573e-135,2.1219e-132,-1.3050e-96,3.8350e-01,1.9958e-159,2.9940e-111,1.3574e-104,5.8796e-117,1.0000e+00,-2.322e+06,300,0.0006689,0.00026846,0
6.5788e-69,5.2102e-67,1.7024e-53,1.1650e-01,1.1114e-49,3.9329e-47,2.4874e-36,8.5970e-49,-4.0085e-70,-3.7652e-96,1.0738e-68,5.9341e-70,1.1331e-36,5.0000e-01,4.9077e-64,1.7489e-64,6.7036e-75,6.5747e-47,3.2187e-87,3.9534e-54,1.6308e-57,1.2004e-135,-1.8984e-97,9.9053e-119,2.6740e-73,2.1345e-74,3.5886e-65,1.8465e-140,-1.1141e-121,1.6852e-133,-1.4303e-97,5.8954e-115,4.3233e-136,9.6473e-133,7.1753e-76,-1.5195e-97,-8.7935e-127,1.5020e-63,7.7354e-117,-1.1186e-101,-1.1604e-106,8.8756e-120,-4.9787e-96,7.2471e-133,3.1132e-135,2.0922e-132,-1.3050e-96,3.8350e-01,1.9670e-159,2.9940e-111,1.3574e-104,5.8796e-117,1.0000e+00,-2.322e+06,300,0.0006689,0.00040268,0
6.5788e-69,5.2102e-67,1.7024e-53,1.1650e-01,1.1114e-49,3.9329e-47,2.4874e-36,8.5970e-49,-4.0085e-70,-3.7652e-96,1.0738e-68,5.9341e-70,1.1331e-36,5.0000e-01,4.9077e-64,1.7489e-64,6.7036e-75,6.5747e-47,3.2187e-87,3.9534e-54,1.6308e-57,1.2004e-135,-1.8984e-97,9.9053e-119,2.6740e-73,2.1345e-74,3.5886e-65,1.7579e-143,-1.1141e-121,1.7610e-136,-1.4303e-97,5.8954e-115,4.5683e-139,1.0057e-135,7.1753e-76,-1.5195e-97,-8.7935e-127,1.5020e-63,7.7354e-117,-1.1186e-101,-1.1604e-106,8.8756e-120,-4.9787e-96,7.5746e-136,3.2580e-138,2.1874e-135,-1.3050e-96,3.8350e-01,2.0176e-162,2.9940e-111,1.3574e-104,5.8796e-117,1.0000e+00,-2.322e+06,300,0.00026756,0.00067114,0
6.5788e-69,5.2102e-67,1.7024e-53,1.1650e-01,1.1114e-49,3.9329e-47,2.4874e-36,8.5970e-49,-4.0085e-70,-3.7652e-96,1.0738e-68,5.9341e-70,1.1331e-36,5.0000e-01,4.9077e-64,1.7489e-64,6.7036e-75,6.5747e-47,3.2187e-87,3.9534e-54,1.6308e-57,1.2004e-135,-1.8984e-97,9.9053e-119,2.6740e-73,2.1345e-74,3.5886e-65,-1.1912e-144,-1.1141e-121,5.7377e-138,-1.4303e-97,5.8954e-115,1.5019e-140,3.2704e-137,7.1753e-76,-1.5195e-97,-8.7935e-127,1.5020e-63,7.7354e-117,-1.1186e-101,-1.1604e-106,8.8756e-120,-4.9787e-96,2.4683e-137,1.0627e-139,7.1298e-137,-1.3050e-96,3.8350e-01,6.4783e-164,2.9940e-111,1.3574e-104,5.8796e-117,1.0000e+00,-2.322e+06,300,0,0.00067114,0
6.5788e-69,5.2102e-67,1.7024e-53,1.1650e-01,1.1114e-49,3.9329e-47,2.4874e-36,8.5970e-49,-4.0085e-70,-3.7652e-96,1.0738e-68,5.9341e-70,1.1331e-36,5.0000e-01,4.9077e-64,1.7489e-64,6.7036e-75,6.5747e-47,3.2187e-87,3.9534e-54,1.6308e-57,1.2004e-135,-1.8984e-97,9.9053e-119,2.6740e-73,2.1345e-74,3.5886e-65,3.4548e-145,-1.1141e-121,1.9667e-137,-1.4303e-97,5.8954e-115,5.1237e-140,1.1221e-136,7.1753e-76,-1.5195e-97,-8.7935e-127,1.5020e-63,7.7354e-117,-1.1186e-101,-1.1604e-106,8.8756e-120,-4.9787e-96,8.4598e-137,3.6405e-139,2.4434e-136,-1.3050e-96,3.8350e-01,2.2376e-163,2.9940e-111,1.3574e-104,5.8796e-117,1.0000e+00,-2.322e+06,300,0.00013378,0.00067114,0
6.5788e-69,5.2102e-67,1.7024e-53,1.1650e-01,1.1114e-49,3.9329e-47,2.4874e-36,8.5970e-49,-4.0085e-70,-3.7652e-96,1.0738e-68,5.9341e-70,1.1331e-36,5.0000e-01,4.9077e-64,1.7489e-64,6.7036e-75,6.5747e-47,3.2187e-87,3.9534e-54,1.6308e-57,1.2004e-135,-1.8984e-97,9.9053e-119,2.6740e-73,2.1345e-74,3.5886e-65,1.9920e-142,-1.1141e-121,1.8286e-135,-1.4303e-97,5.8954e-115,4.7215e-138,1.0454e-134,7.1753e-76,-1.5195e-97,-8.7935e-127,1.5020e-63,7.7354e-117,-1.1186e-101,-1.1604e-106,8.8756e-120,-4.9787e-96,7.8647e-135,3.3809e-137,2.2709e-134,-1.3050e-96,3.8350e-01,2.1117e-161,2.9940e-111,1.3574e-104,5.8796e-117,1.0000e+00,-2.322e+06,300,0.00040134,0.00013423,0
6.5788e-69,5.2102e-67,1.7024e-53,1.1650e-01,1.1114e-49,3.9329e-47,2.4874e-36,8.5970e-49,-4.0085e-70,-3.7652e-96,1.0738e-68,5.9341e-70,1.1331e-36,5.0000e-01,4.9077e-64,1.7489e-64,6.7036e-75,6.5747e-47,3.2187e-87,3.9534e-54,1.6308e-57,1.2004e-135,-1.8984e-97,9.9053e-119,2.6740e-73,2.1345e-74,3.5886e-65,1.9888e-142,-1.1141e-121,1.8258e-135,-1.4303e-97,5.8954e-115,4.7141e-138,1.0438e-134,7.1753e-76,-1.5195e-97,-8.7935e-127,1.5020e-63,7.7354e-117,-1.1186e-101,-1.1604e-106,8.8756e-120,-4.9787e-96,7.8527e-135,3.3758e-137,2.2674e-134,-1.3050e-96,3.8350e-01,2.1086e-161,2.9940e-111,1.3574e-104,5.8796e-117,1.0000e+00,-2.322e+06,300,0.00040134,0,0
6.5788e-69,5.2102e-67,1.7024e-53,1.1650e-01,1.1114e-49,3.9329e-47,2.4874e-36,8.5970e-49,-4.0085e-70,-3.7652e-96,1.0738e-68,5.9341e-70,1.1331e-36,5.0000e-01,4.9077e-64,1.7489e-64,6.7036e-75,6.5747e-47,3.2187e-87,3.9534e-54,1.6308e-57,1.2004e-135,-1.8984e-97,9.9053e-119,2.6740e-73,2.1345e-74,3.5886e-65,1.9784e-142,-1.1141e-121,1.8162e-135,-1.4303e-97,5.8954e-115,4.6900e-138,1.0382e-134,7.1753e-76,-1.5195e-97,-8.7935e-127,1.5020e-63,7.7354e-117,-1.1186e-101,-1.1604e-106,8.8756e-120,-4.9787e-96,7.8112e-135,3.3580e-137,2.2555e-134,-1.3050e-96,3.8350e-01,2.0968e-161,2.9940e-111,1.3574e-104,5.8796e-117,1.0000e+00,-2.322e+06,300,0.00040134,0.00026846,0
6.5788e-69,5.2102e-67,1.7024e-53,1.1650e-01,1.1114e-49,3.9329e-47,2.4874e-36,8.5970e-49,-4.0085e-70,-3.7652e-96,1.0738e-68,5.9341e-70,1.1331e-36,5.0000e-01,4.9077e-64,1.7489e-64,6.7036e-75,6.5747e-47,3.2187e-87,3.9534e-54,1.6308e-57,1.2004e-135,-1.8984e-97,9.9053e-119,2.6740e-73,2.1345e-74,3.5886e-65,1.8052e-143,-1.1141e-121,1.8044e-136,-1.4303e-97,5.8954e-115,4.6787e-139,1.0306e-135,7.1753e-76,-1.5195e-97,-8.7935e-127,1.5020e-63,7.7354e-117,-1.1186e-101,-1.1604e-106,8.8756e-120,-4.9787e-96,7.7611e-136,3.3380e-138,2.2413e-135,-1.3050e-96,3.8350e-01,2.0690e-162,2.9940e-111,1.3574e-104,5.8796e-117,1.0000e+00,-2.322e+06,300,0.00026756,0.00053691,0
6.5788e-69,5.2102e-67,1.7024e-53,1.1650e-01,1.1114e-49,3.9329e-47,2.4874e-36,8.5970e-49,-4.0085e-70,-3.7652e-96,1.0738e-68,5.9341e-70,1.1331e-36,5.0000e-01,4.9077e-64,1.7489e-64,6.7036e-75,6.5747e-47,3.2187e-87,3.9534e-54,1.6308e-57,1.2004e-135,-1.8984e-97,9.9053e-119,2.6740e-73,2.1345e-74,3.5886e-65,4.4004e-145,-1.1141e-121,2.0533e-137,-1.4303e-97,5.8954e-115,5.3449e-140,1.1717e-136,7.1753e-76,-1.5195e-97,-8.7935e-127,1.5020e-63,7.7354e-117,-1.1186e-101,-1.1604e-106,8.8756e-120,-4.9787e-96,8.8320e-137,3.8003e-139,2.5508e-136,-1.3050e-96,3.8350e-01,2.3395e-163,2.9940e-111,1.3574e-104,5.8796e-117,1.0000e+00,-2.322e+06,300,0.00013378,0.00040268,0
6.5788e-69,5.2102e-67,1.7024e-53,1.1650e-01,1.1114e-49,3.9329e-47,2.4874e-36,8.5970e-49,-4.0085e-70,-3.7652e-96,1.0738e-68,5.9341e-70,1.1331e-36,5.0000e-01,4.9077e-64,1.7489e-64,6.7036e-75,6.5747e-47,3.2187e-87,3.9534e-54,1.6308e-57,1.2004e-135,-1.8984e-97,9.9053e-119,2.6740e-73,2.1345e-74,3.5886e-65,-1.1645e-144,-1.1141e-121,5.9816e-138,-1.4303e-97,5.8954e-115,1.5645e-140,3.4101e-137,7.1753e-76,-1.5195e-97,-8.7935e-127,1.5020e-63,7.7354e-117,-1.1186e-101,-1.1604e-106,8.8756e-120,-4.9787e-96,2.5731e-137,1.1078e-139,7.4325e-137,-1.3050e-96,3.8350e-01,6.7634e-164,2.9940e-111,1.3574e-104,5.8796e-117,1.0000e+00,-2.322e+06,300,0,0.00040268,0
6.5788e-69,5.2102e-67,1.7024e-53,1.1650e-01,1.1114e-49,3.9329e-47,2.4874e-36,8.5970e-49,-4.0085e-70,-3.7652e-96,1.0738e-68,5.9341e-70,1.1331e-36,5.0000e-01,4.9077e-64,1.7489e-64,6.7036e-75,6.5747e-47,3.2187e-87,3.9534e-54,1.6308e-57,1.2004e-135,-1.8984e-97,9.9053e-119,2.6740e-73,2.1345e-74,3.5886e-65,1.8455e-143,-1.1141e-121,1.8413e-136,-1.4303e-97,5.8954e-115,4.7727e-139,1.0517e-135,7.1753e-76,-1.5195e-97,-8.7935e-127,1.5020e-63,7.7354e-117,-1.1186e-101,-1.1604e-106,8.8756e-120,-4.9787e-96,7.9198e-136,3.4061e-138,2.2871e-135,-1.3050e-96,3.8350e-01,2.1127e-162,2.9940e-111,1.3574e-104,5.8796e-117,1.0000e+00,-2.322e+06,300,0.00026756,0.00040268,0
6.5788e-69,5.2102e-67,1.7024e-53,1.1650e-01,1.1114e-49,3.9329e-47,2.4874e-36,8.5970e-49,-4.0085e-70,-3.7652e-96,1.0738e-68,5.9341e-70,1.1331e-36,5.0000e-01,4.9077e-64,1.7489e-64,6.7036e-75,6.5747e-47,3.2187e-87,3.9534e-54,1.6308e-57,1.2004e-135,-1.8984e-97,9.9053e-119,2.6740e-73,2.1345e-74,3.5886e-65,1.9500e-142,-1.1141e-121,1.7901e-135,-1.4303e-97,5.8954e-115,4.6236e-138,1.0232e-134,7.1753e-76,-1.5195e-97,-8.7935e-127,1.5020e-63,7.7354e-117,-1.1186e-101,-1.1604e-106,8.8756e-120,-4.9787e-96,7.6989e-135,3.3098e-137,2.2231e-134,-1.3050e-96,3.8350e-01,2.0658e-161,2.9940e-111,1.3574e-104,5.8796e-117,1.0000e+00,-2.322e+06,300,0.00040134,0.00040268,0
6.5788e-69,5.2102e-67,1.7024e-53,1.1650e-01,1.1114e-49,3.9329e-47,2.4874e-36,8.5970e-49,-4.0085e-70,-3.7652e-96,1.0738e-68,5.9341e-70,1.1331e-36,5.0000e-01,4.9077e-64,1.7489e-64,6.7036e-75,6.5747e-47,3.2187e-87,3.9534e-54,1.6308e-57,1.2004e-135,-1.8984e-97,9.9053e-119,2.6740e-73,2.1345e-74,3.5886e-65,1.9099e-142,-1.1141e-121,1.7533e-135,-1.4303e-97,5.8954e-115,4.5302e-138,1.0021e-134,7.1753e-76,-1.5195e-97,-8.7935e-127,1.5020e-63,7.7354e-117,-1.1186e-101,-1.1604e-106,8.8756e-120,-4.9787e-96,7.5407e-135,3.2419e-137,2.1774e-134,-1.3050e-96,3.8350e-01,2.0220e-161,2.9940e-111,1.3574e-104,5.8796e-117,1.0000e+00,-2.322e+06,300,0.00040134,0.00053691,0
6.5788e-69,5.2102e-67,1.7024e-53,1.1650e-01,1.1114e-49,3.9329e-47,2.4874e-36,8.5970e-49,-4.0085e-70,-3.7652e-96,1.0738e-68,5.9341e-70,1.1331e-36,5.0000e-01,4.9077e-64,1.7489e-64,6.7036e-75,6.5747e-47,3.2187e-87,3.9534e-54,1.6308e-57,1.2004e-135,-1.8984e-97,9.9053e-119,2.6740e-73,2.1345e-74,3.5886e-65,1.8689e-141,-1.1141e-121,1.7039e-134,-1.4303e-97,5.8954e-115,4.3877e-137,9.7464e-134,7.1753e-76,-1.5195e-97,-8.7935e-127,1.5020e-63,7.7354e-117,-1.1186e-101,-1.1604e-106,8.8756e-120,-4.9787e-96,7.3281e-134,3.1493e-136,2.1158e-133,-1.3050e-96,3.8350e-01,1.9763e-160,2.9940e-111,1.3574e-104,5.8796e-117,1.0000e+00,-2.322e+06,300,0.00053512,0.00053691,0
6.5788e-69,5.2102e-67,1.7024e-53,1.1650e-01,1.1114e-49,3.9329e-47,2.4874e-36,8.5970e-49,-4.0085e-70,-3.7652e-96,1.0738e-68,5.9341e-70,1.1331e-36,5.0000e-01,4.9077e-64,1.7489e-64,6.7036e-75,6.5747e-47,3.2187e-87,3.9534e-54,1.6308e-57,1.2004e-135,-1.8984e-97,9.9053e-119,2.6740e-73,2.1345e-74,3.5886e-65,1.8080e-140,-1.1141e-121,1.6498e-133,-1.4303e-97,5.8954e-115,4.2339e-136,9.4438e-133,7.1753e-76,-1.5195e-97,-8.7935e-127,1.5020e-63,7.7354e-117,-1.1186e-101,-1.1604e-106,8.8756e-120,-4.9787e-96,7.0949e-133,3.0479e-135,2.0483e-132,-1.3050e-96,3.8350e-01,1.9244e-159,2.9940e-111,1.3574e-104,5.8796e-117,1.0000e+00,-2.322e+06,300,0.0006689,0.00053691,0
6.5788e-69,5.2102e-67,1.7024e-53,1.1650e-01,1.1114e-49,3.9329e-47,2.4874e-36,8.5970e-49,-4.0085e-70,-3.7652e-96,1.0738e-68,5.9341e-70,1.1331e-36,5.0000e-01,4.9077e-64,1.7489e-64,6.7036e-75,6.5747e-47,3.2187e-87,3.9534e-54,1.6308e-57,1.1398e-134,-1.8984e-97,9.9053e-119,2.6740e-73,2.1345e-74,3.5886e-65,6.6688e-128,5.6385e-119,6.2085e-121,-1.4303e-97,5.8954e-115,1.5321e-123,3.5850e-120,7.1753e-76,-1.5195e-97,2.1171e-119,1.5020e-63,7.7354e-117,-1.1186e-101,-1.1604e-106,8.8758e-120,-4.9787e-96,2.6681e-120,1.1410e-122,7.6944e-120,-1.3050e-96,3.8350e-01,7.7449e-147,2.9940e-111,1.3574e-104,5.8796e-117,1.0000e+00,-2.322e+06,300,0.002408,0.0012081,0
6.5788e-69,5.2102e-67,1.7024e-53,1.1650e-01,1.1114e-49,3.9329e-47,2.4874e-36,8.5970e-49,-4.0085e-70,-3.7652e-96,1.0738e-68,5.9341e-70,1.1331e-36,5.0000e-01,4.9077e-64,1.7489e-64,6.7036e-75,6.5747e-47,3.2187e-87,3.9534e-54,1.6308e-57,1.3287e-134,-1.8984e-97,9.9053e-119,2.6740e-73,2.1345e-74,3.5886e-65,7.9302e-128,6.7207e-119,7.4002e-121,-1.4303e-97,5.8954e-115,1.8182e-123,4.2775e-120,7.1753e-76,-1.5195e-97,2.5133e-119,1.5020e-63,7.7354e-117,-1.1186e-101,-1.1604e-106,8.8758e-120,-4.9787e-96,3.1799e-120,1.3591e-122,9.1695e-120,-1.3050e-96,3.8350e-01,9.3018e-147,2.9940e-111,1.3574e-104,5.8796e-117,1.0000e+00,-2.322e+06,300,0.002408,0.00053691,0
6.5788e-69,5.2102e-67,1.7024e-53,1.1650e-01,1.1114e-49,3.9329e-47,2.4874e-36,8.5970e-49,-4.0085e-70,-3.7652e-96,1.0738e-68,5.9341e-70,1.1331e-36,5.0000e-01,4.9077e-64,1.7489e-64,6.7036e-75,6.5747e-47,3.2187e-87,3.9534e-54,1.6308e-57,1.2161e-135,-1.8984e-97,9.9053e-119,2.6740e-73,2.1345e-74,3.5886e-65,1.0241e-130,-2.4869e-122,9.5062e-124,-1.4303e-97,5.8954e-115,2.3591e-126,5.4823e-123,7.1753e-76,-1.5195e-97,3.2576e-122,1.5020e-63,7.7354e-117,-1.1186e-101,-1.1604e-106,8.8756e-120,-4.9787e-96,4.0857e-123,1.7483e-125,1.1784e-122,-1.3050e-96,3.8350e-01,1.1743e-149,2.9940e-111,1.3574e-104,5.8796e-117,1.0000e+00,-2.322e+06,300,0.0020067,0.00053691,0
6.5788e-69,5.2102e-67,1.7024e-53,1.1650e-01,1.1114e-49,3.9329e-47,2.4874e-36,8.5970e-49,-4.0085e-70,-3.7652e-96,1.0738e-68,5.9341e-70,1.1331e-36,5.0000e-01,4.9077e-64,1.7489e-64,6.7036e-75,6.5747e-47,3.2187e-87,3.9534e-54,1.6308e-57,1.2004e-135,-1.8984e-97,9.9053e-119,2.6740e-73,2.1345e-74,3.5886e-65,1.4952e-139,-1.1141e-121,1.3638e-132,-1.4303e-97,5.8954e-115,3.5014e-135,7.8052e-132,7.1753e-76,-1.5195e-97,-8.7931e-127,1.5020e-63,7.7354e-117,-1.1186e-101,-1.1604e-106,8.8756e-120,-4.9787e-96,5.8648e-132,2.5197e-134,1.6932e-131,-1.3050e-96,3.8350e-01,1.5891e-158,2.9940e-111,1.3574e-104,5.8796e-117,1.0000e+00,-2.322e+06,300,0.00080268,0.0012081,0
6.5788e-69,5.2102e-67,1.7024e-53,1.1650e-01,1.1114e-49,3.9329e-47,2.4874e-36,8.5970e-49,-4.0085e-70,-3.7652e-96,1.0738e-68,5.9341e-70,1.1331e-36,5.0000e-01,4.9077e-64,1.7489e-64,6.7036e-75,6.5747e-47,3.2187e-87,3.9534e-54,1.6308e-57,1.2004e-135,-1.8984e-97,9.9053e-119,2.6740e-73,2.1345e-74,3.5886e-65,1.6496e-139,-1.1141e-121,1.5067e-132,-1.4303e-97,5.8954e-115,3.8579e-135,8.6288e-132,7.1753e-76,-1.5195e-97,-8.7930e-127,1.5020e-63,7.7354e-117,-1.1186e-101,-1.1604e-106,8.8756e-120,-4.9787e-96,6.4793e-132,2.7828e-134,1.8704e-131,-1.3050e-96,3.8350e-01,1.7641e-158,2.9940e-111,1.3574e-104,5.8796e-117,1.0000e+00,-2.322e+06,300,0.00080268,0.00080537,0
6.5788e-69,5.2102e-67,1.7024e-53,1.1650e-01,1.1114e-49,3.9329e-47,2.4874e-36,8.5970e-49,-4.0085e-70,-3.7652e-96,1.0738e-68,5.9341e-70,1.1331e-36,5.0000e-01,4.9077e-64,1.7489e-64,6.7036e-75,6.5747e-47,3.2187e-87,3.9534e-54,1.6308e-57,2.3202e-135,-1.8984e-97,9.9053e-119,2.6740e-73,2.1345e-74,3.5886e-65,7.3062e-129,6.0689e-120,6.7901e-122,-1.4303e-97,5.8954e-115,1.6812e-124,3.9179e-121,7.1753e-76,-1.5195e-97,2.3223e-120,1.5020e-63,7.7354e-117,-1.1186e-101,-1.1604e-106,8.8756e-120,-4.9787e-96,2.9182e-121,1.2484e-123,8.4165e-121,-1.3050e-96,3.8350e-01,8.4219e-148,2.9940e-111,1.3574e-104,5.8796e-117,1.0000e+00,-2.322e+06,300,0.0022742,0.0012081,0
6.5788e-69,5.2102e-67,1.7024e-53,1.1650e-01,1.1114e-49,3.9329e-47,2.4874e-36,8.5970e-49,-4.0085e-70,-3.7652e-96,1.0738e-68,5.9341e-70,1.1331e-36,5.0000e-01,4.9077e-64,1.7489e-64,6.7036e-75,6.5747e-47,3.2187e-87,3.9534e-54,1.6308e-57,2.5257e-135,-1.8984e-97,9.9053e-119,2.6740e-73,2.1345e-74,3.5886e-65,8.6747e-129,7.2413e-120,8.0807e-122,-1.4303e-97,5.8954e-115,1.9921e-124,4.6673e-121,7.1753e-76,-1.5195e-97,2.7527e-120,1.5020e-63,7.7354e-117,-1.1186e-101,-1.1604e-106,8.8756e-120,-4.9787e-96,3.4726e-121,1.4848e-123,1.0014e-120,-1.3050e-96,3.8350e-01,1.0098e-147,2.9940e-111,1.3574e-104,5.8796e-117,1.0000e+00,-2.322e+06,300,0.0022742,0.00053691,0
6.5788e-69,5.2102e-67,1.7024e-53,1.1650e-01,1.1114e-49,3.9329e-47,2.4874e-36,8.5970e-49,-4.0085e-70,-3.7652e-96,1.0738e-68,5.9341e-70,1.1331e-36,5.0000e-01,4.9077e-64,1.7489e-64,6.7036e-75,6.5747e-47,3.2187e-87,3.9534e-54,1.6308e-57,1.2004e-135,-1.8984e-97,9.9053e-119,2.6740e-73,2.1345e-74,3.5886e-65,1.5491e-139,-1.1141e-121,1.4137e-132,-1.4303e-97,5.8954e-115,3.6257e-135,8.0927e-132,7.1753e-76,-1.5195e-97,-8.7930e-127,1.5020e-63,7.7354e-117,-1.1186e-101,-1.1604e-106,8.8756e-120,-4.9787e-96,6.0793e-132,2.6115e-134,1.7551e-131,-1.3050e-96,3.8350e-01,1.6503e-158,2.9940e-111,1.3574e-104,5.8796e-117,1.0000e+00,-2.322e+06,300,0.00080268,0.0010738,0
6.5788e-69,5.2102e-67,1.7024e-53,1.1650e-01,1.1114e-49,3.9329e-47,2.4874e-36,8.5970e-49,-4.0085e-70,-3.7652e-96,1.0738e-68,5.9341e-70,1.1331e-36,5.0000e-01,4.9077e-64,1.7489e-64,6.7036e-75,6.5747e-47,3.2187e-87,3.9534e-54,1.6308e-57,1.2004e-135,-1.8984e-97,9.9053e-119,2.6740e-73,2.1345e-74,3.5886e-65,1.5804e-138,-1.1141e-121,1.4461e-131,-1.4303e-97,5.8954e-115,3.6902e-134,8.2875e-131,7.1753e-76,-1.5195e-97,-8.7885e-127,1.5020e-63,7.7354e-117,-1.1186e-101,-1.1604e-106,8.8756e-120,-4.9787e-96,6.2180e-131,2.6695e-133,1.7949e-130,-1.3050e-96,3.8350e-01,1.7027e-157,2.9940e-111,1.3574e-104,5.8796e-117,1.0000e+00,-2.322e+06,300,0.00093645,0.00080537,0
6.5788e-69,5.2102e-67,1.7024e-53,1.1650e-01,1.1114e-49,3.9329e-47,2.4874e-36,8.5970e-49,-4.0085e-70,-3.7652e-96,1.0738e-68,5.9341e-70,1.1331e-36,5.0000e-01,4.9077e-64,1.7489e-64,6.7036e-75,6.5747e-47,3.2187e-87,3.9534e-54,1.6308e-57,1.2206e-134,-1.8984e-97,9.9053e-119,2.6740e-73,2.1345e-74,3.5886e-65,7.2092e-128,6.1026e-119,6.7197e-121,-1.4303e-97,5.8954e-115,1.6545e-123,3.8823e-120,7.1753e-76,-1.5195e-97,2.2866e-119,1.5020e-63,7.7354e-117,-1.1186e-101,-1.1604e-106,8.8758e-120,-4.9787e-96,2.8876e-120,1.2345e-122,8.3271e-120,-1.3050e-96,3.8350e-01,8.4156e-147,2.9940e-111,1.3574e-104,5.8796e-117,1.0000e+00,-2.322e+06,300,0.002408,0.0009396,0
6.5788e-69,5.2102e-67,1.7024e-53,1.1650e-01,1.1114e-49,3.9329e-47,2.4874e-36,8.5970e-49,-4.0085e-70,-3.7652e-96,1.0738e-68,5.9341e-70,1.1331e-36,5.0000e-01,4.9077e-64,1.7489e-64,6.7036e-75,6.5747e-47,3.2187e-87,3.9534e-54,1.6308e-57,1.2137e-135,-1.8984e-97,9.9053e-119,2.6740e-73,2.1345e-74,3.5886e-65,8.6526e-131,-3.8433e-122,8.0137e-124,-1.4303e-97,5.8954e-115,1.9972e-126,4.6171e-123,7.1753e-76,-1.5195e-97,2.7570e-122,1.5020e-63,7.7354e-117,-1.1186e-101,-1.1604e-106,8.8756e-120,-4.9787e-96,3.4445e-123,1.4747e-125,9.9361e-123,-1.3050e-96,3.8350e-01,9.8266e-150,2.9940e-111,1.3574e-104,5.8796e-117,1.0000e+00,-2.322e+06,300,0.0020067,0.0012081,0
6.5788e-69,5.2102e-67,1.7024e-53,1.1650e-01,1.1114e-49,3.9329e-47,2.4874e-36,8.5970e-49,-4.0085e-70,-3.7652e-96,1.0738e-68,5.9341e-70,1.1331e-36,5.0000e-01,4.9077e-64,1.7489e-64,6.7036e-75,6.5747e-47,3.2187e-87,3.9534e-54,1.6308e-57,1.2005e-135,-1.8984e-97,9.9053e-119,2.6740e-73,2.1345e-74,3.5886e-65,1.0068e-132,-1.1056e-121,9.2927e-126,-1.4303e-97,5.8954e-115,2.3312e-128,5.3460e-125,7.1753e-76,-1.5195e-97,3.2074e-124,1.5020e-63,7.7354e-117,-1.1186e-101,-1.1604e-106,8.8756e-120,-4.9787e-96,3.9947e-125,1.7116e-127,1.1525e-124,-1.3050e-96,3.8350e-01,1.1266e-151,2.9940e-111,1.3574e-104,5.8796e-117,1.0000e+00,-2.322e+06,300,0.0017391,0.0012081,0
6.5788e-69,5.2102e-67,1.7024e-53,1.1650e-01,1.1114e-49,3.9329e-47,2.4874e-36,8.5970e-49,-4.0085e-70,-3.7652e-96,1.0738e-68,5.9341e-70,1.1331e-36,5.0000e-01,4.9077e-64,1.7489e-64,6.7036e-75,6.5747e-47,3.2187e-87,3.9534e-54,1.6308e-57,1.2005e-135,-1.8984e-97,9.9053e-119,2.6740e-73,2.1345e-74,3.5886e-65,1.1209e-132,-1.1046e-121,1.0363e-125,-1.4303e-97,5.8954e-115,2.5920e-128,5.9656e-125,7.1753e-76,-1.5195e-97,3.5679e-124,1.5020e-63,7.7354e-117,-1.1186e-101,-1.1604e-106,8.8756e-120,-4.9787e-96,4.4544e-125,1.9079e-127,1.2851e-124,-1.3050e-96,3.8350e-01,1.2628e-151,2.9940e-111,1.3574e-104,5.8796e-117,1.0000e+00,-2.322e+06,300,0.0017391,0.00080537,0
6.5788e-69,5.2102e-67,1.7024e-53,1.1650e-01,1.1114e-49,3.9329e-47,2.4874e-36,8.5970e-49,-4.0085e-70,-3.7652e-96,1.0738e-68,5.9341e-70,1.1331e-36,5.0000e-01,4.9077e-64,1.7489e-64,6.7036e-75,6.5747e-47,3.2187e-87,3.9534e-54,1.6308e-57,1.2004e-135,-1.8984e-97,9.9053e-119,2.6740e-73,2.1345e-74,3.5886e-65,1.1514e-134,-1.1140e-121,1.0591e-127,-1.4303e-97,5.8954e-115,2.6744e-130,6.0837e-127,7.1753e-76,-1.5195e-97,2.8080e-126,1.5020e-63,7.7354e-117,-1.1186e-101,-1.1604e-106,8.8756e-120,-4.9787e-96,4.5532e-127,1.9524e-129,1.3139e-126,-1.3050e-96,3.8350e-01,1.2694e-153,2.9940e-111,1.3574e-104,5.8796e-117,1.0000e+00,-2.322e+06,300,0.0014716,0.0012081,0
6.5788e-69,5.2102e-67,1.7024e-53,1.1650e-01,1.1114e-49,3.9329e-47,2.4874e-36,8.5970e-49,-4.0085e-70,-3.7652e-96,1.0738e-68,5.9341e-70,1.1331e-36,5.0000e-01,4.9077e-64,1.7489e-64,6.7036e-75,6.5747e-47,3.2187e-87,3.9534e-54,1.6308e-57,1.2004e-135,-1.8984e-97,9.9053e-119,2.6740e-73,2.1345e-74,3.5886e-65,1.2783e-134,-1.1140e-121,1.1777e-127,-1.4303e-97,5.8954e-115,2.9654e-130,6.7697e-127,7.1753e-76,-1.5195e-97,3.2100e-126,1.5020e-63,7.7354e-117,-1.1186e-101,-1.1604e-106,8.8756e-120,-4.9787e-96,5.0629e-127,2.1702e-129,1.4609e-126,-1.3050e-96,3.8350e-01,1.4188e-153,2.9940e-111,1.3574e-104,5.8796e-117,1.0000e+00,-2.322e+06,300,0.0014716,0.00080537,0
6.5788e-69,5.2102e-67,1.7024e-53,1.1650e-01,1.1114e-49,3.9329e-47,2.4874e-36,8.5970e-49,-4.0085e-70,-3.7652e-96,1.0738e-68,5.9341e-70,1.1331e-36,5.0000e-01,4.9077e-64,1.7489e-64,6.7036e-75,6.5747e-47,3.2187e-87,3.9534e-54,1.6308e-57,1.2004e-135,-1.8984e-97,9.9053e-119,2.6740e-73,2.1345e-74,3.5886e-65,1.2944e-136,-1.1141e-121,1.1866e-129,-1.4303e-97,5.8954e-115,3.0164e-132,6.8063e-129,7.1753e-76,-1.5195e-97,-8.3779e-127,1.5020e-63,7.7354e-117,-1.1186e-101,-1.1604e-106,8.8756e-120,-4.9787e-96,5.1021e-129,2.1895e-131,1.4726e-128,-1.3050e-96,3.8350e-01,1.4063e-155,2.9940e-111,1.3574e-104,5.8796e-117,1.0000e+00,-2.322e+06,300,0.001204,0.0012081,0
6.5788e-69,5.2102e-67,1.7024e-53,1.1650e-01,1.1114e-49,3.9329e-47,2.4874e-36,8.5970e-49,-4.0085e-70,-3.7652e-96,1.0738e-68,5.9341e-70,1.1331e-36,5.0000e-01,4.9077e-64,1.7489e-64,6.7036e-75,6.5747e-47,3.2187e-87,3.9534e-54,1.6308e-57,1.2004e-135,-1.8984e-97,9.9053e-119,2.6740e-73,2.1345e-74,3.5886e-65,1.4332e-136,-1.1141e-121,1.3159e-129,-1.4303e-97,5.8954e-115,3.3355e-132,7.5526e-129,7.1753e-76,-1.5195e-97,-8.3339e-127,1.5020e-63,7.7354e-117,-1.1186e-101,-1.1604e-106,8.8756e-120,-4.9787e-96,5.6576e-129,2.4270e-131,1.6328e-128,-1.3050e-96,3.8350e-01,1.5672e-155,2.9940e-111,1.3574e-104,5.8796e-117,1.0000e+00,-2.322e+06,300,0.001204,0.00080537,0
6.5788e-69,5.2102e-67,1.7024e-53,1.1650e-01,1.1114e-49,3.9329e-47,2.4874e-36,8.5970e-49,-4.0085e-70,-3.7652e-96,1.0738e-68,5.9341e-70,1.1331e-36,5.0000e-01,4.9077e-64,1.7489e-64,6.7036e-75,6.5747e-47,3.2187e-87,3.9534e-54,1.6308e-57,1.2157e-135,-1.8984e-97,9.9053e-119,2.6740e-73,2.1345e-74,3.5886e-65,9.9698e-131,-2.7176e-122,9.2524e-124,-1.4303e-97,5.8954e-115,2.2974e-126,5.3353e-123,7.1753e-76,-1.5195e-97,3.1722e-122,1.5020e-63,7.7354e-117,-1.1186e-101,-1.1604e-106,8.8756e-120,-4.9787e-96,3.9766e-123,1.7018e-125,1.1470e-122,-1.3050e-96,3.8350e-01,1.1419e-149,2.9940e-111,1.3574e-104,5.8796e-117,1.0000e+00,-2.322e+06,300,0.0020067,0.00067114,0
6.5788e-69,5.2102e-67,1.7024e-53,1.1650e-01,1.1114e-49,3.9329e-47,2.4874e-36,8.5970e-49,-4.0085e-70,-3.7652e-96,1.0738e-68,5.9341e-70,1.1331e-36,5.0000e-01,4.9077e-64,1.7489e-64,6.7036e-75,6.5747e-47,3.2187e-87,3.9534e-54,1.6308e-57,1.2973e-134,-1.8984e-97,9.9053e-119,2.6740e-73,2.1345e-74,3.5886e-65,7.7206e-128,6.5411e-119,7.2024e-121,-1.4303e-97,5.8954e-115,1.7706e-123,4.1627e-120,7.1753e-76,-1.5195e-97,2.4473e-119,1.5020e-63,7.7354e-117,-1.1186e-101,-1.1604e-106,8.8758e-120,-4.9787e-96,3.0950e-120,1.3229e-122,8.9247e-120,-1.3050e-96,3.8350e-01,9.0448e-147,2.9940e-111,1.3574e-104,5.8796e-117,1.0000e+00,-2.322e+06,300,0.002408,0.00067114,0
6.5788e-69,5.2102e-67,1.7024e-53,1.1650e-01,1.1114e-49,3.9329e-47,2.4874e-36,8.5970e-49,-4.0085e-70,-3.7652e-96,1.0738e-68,5.9341e-70,1.1331e-36,5.0000e-01,4.9077e-64,1.7489e-64,6.7036e-75,6.5747e-47,3.2187e-87,3.9534e-54,1.6308e-57,1.2004e-135,-1.8984e-97,9.9053e-119,2.6740e-73,2.1345e-74,3.5886e-65,1.4310e-138,-1.1141e-121,1.3074e-131,-1.4303e-97,5.8954e-115,3.3455e-134,7.4880e-131,7.1753e-76,-1.5195e-97,-8.7889e-127,1.5020e-63,7.7354e-117,-1.1186e-101,-1.1604e-106,8.8756e-120,-4.9787e-96,5.6220e-131,2.4145e-133,1.6230e-130,-1.3050e-96,3.8350e-01,1.5320e-157,2.9940e-111,1.3574e-104,5.8796e-117,1.0000e+00,-2.322e+06,300,0.00093645,0.0012081,0
6.5788e-69,5.2102e-67,1.7024e-53,1.1650e-01,1.1114e-49,3.9329e-47,2.4874e-36,8.5970e-49,-4.0085e-70,-3.7652e-96,1.0738e-68,5.9341e-70,1.1331e-36,5.0000e-01,4.9077e-64,1.7489e-64,6.7036e-75,6.5747e-47,3.2187e-87,3.9534e-54,1.6308e-57,1.1801e-134,-1.8984e-97,9.9053e-119,2.6740e-73,2.1345e-74,3.5886e-65,6.9387e-128,5.8704e-119,6.4639e-121,-1.4303e-97,5.8954e-115,1.5932e-123,3.7336e-120,7.1753e-76,-1.5195e-97,2.2017e-119,1.5020e-63,7.7354e-117,-1.1186e-101,-1.1604e-106,8.8758e-120,-4.9787e-96,2.7778e-120,1.1877e-122,8.0105e-120,-1.3050e-96,3.8350e-01,8.0806e-147,2.9940e-111,1.3574e-104,5.8796e-117,1.0000e+00,-2.322e+06,300,0.002408,0.0010738,0
6.5788e-69,5.2102e-67,1.7024e-53,1.1650e-01,1.1114e-49,3.9329e-47,2.4874e-36,8.5970e-49,-4.0085e-70,-3.7652e-96,1.0738e-68,5.9341e-70,1.1331e-36,5.0000e-01,4.9077e-64,1.7489e-64,6.7036e-75,6.5747e-47,3.2187e-87,3.9534e-54,1.6308e-57,1.2004e-135,-1.8984e-97,9.9053e-119,2.6740e-73,2.1345e-74,3.5886e-65,1.5081e-137,-1.1141e-121,1.3823e-130,-1.4303e-97,5.8954e-115,3.5155e-133,7.9277e-130,7.1753e-76,-1.5195e-97,-8.7451e-127,1.5020e-63,7.7354e-117,-1.1186e-101,-1.1604e-106,8.8756e-120,-4.9787e-96,5.9433e-130,2.5506e-132,1.7154e-129,-1.3050e-96,3.8350e-01,1.6369e-156,2.9940e-111,1.3574e-104,5.8796e-117,1.0000e+00,-2.322e+06,300,0.0010702,0.00080537,0
6.5788e-69,5.2102e-67,1.7024e-53,1.1650e-01,1.1114e-49,3.9329e-47,2.4874e-36,8.5970e-49,-4.0085e-70,-3.7652e-96,1.0738e-68,5.9341e-70,1.1331e-36,5.0000e-01,4.9077e-64,1.7489e-64,6.7036e-75,6.5747e-47,3.2187e-87,3.9534e-54,1.6308e-57,2.4912e-135,-1.8984e-97,9.9053e-119,2.6740e-73,2.1345e-74,3.5886e-65,8.4455e-129,7.0452e-120,7.8649e-122,-1.4303e-97,5.8954e-115,1.9399e-124,4.5421e-121,7.1753e-76,-1.5195e-97,2.6805e-120,1.5020e-63,7.7354e-117,-1.1186e-101,-1.1604e-106,8.8756e-120,-4.9787e-96,3.3799e-121,1.4453e-123,9.7471e-121,-1.3050e-96,3.8350e-01,9.8195e-148,2.9940e-111,1.3574e-104,5.8796e-117,1.0000e+00,-2.322e+06,300,0.0022742,0.00067114,0
6.5788e-69,5.2102e-67,1.7024e-53,1.1650e-01,1.1114e-49,3.9329e-47,2.4874e-36,8.5970e-49,-4.0085e-70,-3.7652e-96,1.0738e-68,5.9341e-70,1.1331e-36,5.0000e-01,4.9077e-64,1.7489e-64,6.7036e-75,6.5747e-47,3.2187e-87,3.9534e-54,1.6308e-57,1.2004e-135,-1.8984e-97,9.9053e-119,2.6740e-73,2.1345e-74,3.5886e-65,1.4829e-138,-1.1141e-121,1.3555e-131,-1.4303e-97,5.8954e-115,3.4650e-134,7.7657e-131,7.1753e-76,-1.5195e-97,-8.7888e-127,1.5020e-63,7.7354e-117,-1.1186e-101,-1.1604e-106,8.8756e-120,-4.9787e-96,5.8290e-131,2.5030e-133,1.6826e-130,-1.3050e-96,3.8350e-01,1.5914e-157,2.9940e-111,1.3574e-104,5.8796e-117,1.0000e+00,-2.322e+06,300,0.00093645,0.0010738,0
